SPEED;Heading ;Radar Freq.;PRI;PW;LENGTH;CLASS.
4;42;9493;1090;685;16;1
5;35;9418;1382;942;10;1
7;134;9450;304;428;25;1
2;8;9356;1472;232;28;1
3;57;9378;534;605;22;1
4;46;9345;1620;969;18;1
6;125;9468;558;380;31;1
5;23;9306;1151;731;20;1
8;128;9443;553;1196;11;1
1;29;9303;992;183;45;1
4;155;9427;1512;823;29;1
8;38;9495;819;654;12;1
0;95;9428;1609;590;14;1
7;18;9413;1078;112;39;1
3;101;9467;857;853;20;1
6;104;9457;1645;563;35;1
3;166;9343;1435;495;17;1
4;3;9321;1277;782;11;1
5;67;9391;806;78;14;1
9;161;9315;938;452;50;1
8;161;9499;911;792;31;1
5;4;9320;588;455;25;1
4;11;9390;1210;603;46;1
6;53;9302;1157;452;26;1
3;134;9335;1274;817;38;1
3;180;9414;936;1007;46;1
7;8;9438;432;976;14;1
3;34;9307;1335;432;33;1
5;52;9315;1069;1105;42;1
9;28;9349;987;255;46;1
0;29;9319;1617;528;16;1
2;31;9465;1593;109;13;1
8;70;9394;1379;1021;47;1
1;97;9468;647;995;25;1
2;36;9319;621;748;18;1
6;156;9477;1471;833;20;1
6;52;9441;308;812;45;1
4;32;9304;1669;1044;12;1
2;66;9339;1049;590;43;1
9;139;9380;907;966;21;1
5;84;9476;830;523;46;1
7;137;9447;1000;1110;47;1
4;117;9354;1016;634;34;1
5;116;9333;761;325;30;1
9;103;9481;1227;591;31;1
4;91;9396;517;108;26;1
3;158;9346;510;696;12;1
7;164;9475;1265;269;45;1
6;2;9377;1611;353;43;1
9;101;9479;573;234;37;1
5;29;9462;599;177;38;1
3;64;9407;1698;464;48;1
3;157;9307;1287;1104;24;1
8;20;9329;1338;1200;22;1
6;80;9448;609;675;40;1
4;48;9382;869;805;42;1
3;41;9368;759;1154;30;1
6;5;9465;1411;758;31;1
7;28;9399;1585;78;15;1
0;167;9360;1506;644;26;1
3;161;9350;1412;350;36;1
4;10;9352;1349;742;44;1
4;91;9330;1601;1062;48;1
7;164;9428;1619;280;14;1
7;28;9346;1189;1196;32;1
7;106;9460;1417;484;43;1
2;97;9427;1445;438;34;1
2;60;9474;1689;467;14;1
1;60;9432;622;74;44;1
9;107;9303;1644;687;42;1
8;170;9416;672;369;26;1
9;135;9497;796;259;24;1
8;112;9349;857;885;17;1
9;58;9397;1568;397;24;1
5;130;9312;767;85;36;1
5;104;9457;1514;107;49;1
9;0;9438;339;104;17;1
9;59;9427;927;749;23;1
7;104;9406;1691;792;12;1
1;4;9482;1132;828;43;1
0;25;9325;783;697;48;1
8;140;9462;1397;163;29;1
5;141;9333;1162;1141;16;1
5;50;9445;868;601;50;1
2;105;9362;378;621;38;1
8;66;9470;1432;929;16;1
6;103;9413;327;716;23;1
8;145;9379;500;267;19;1
2;95;9490;921;341;30;1
3;129;9386;437;489;21;1
0;60;9482;1156;868;14;1
8;100;9404;1438;604;25;1
4;62;9463;816;394;34;1
2;46;9346;884;637;14;1
3;156;9358;575;542;46;1
3;132;9488;632;1054;36;1
0;112;9477;592;732;12;1
9;179;9371;1231;922;17;1
1;164;9340;1458;1147;44;1
7;77;9407;821;173;20;1
2;4;9423;1533;813;25;1
2;16;9411;1630;1132;15;1
6;91;9427;1378;882;36;1
3;36;9479;455;1178;17;1
8;171;9367;440;420;13;1
4;36;9417;1191;405;23;1
2;70;9410;1532;416;17;1
5;75;9483;1345;155;30;1
5;15;9437;545;373;27;1
1;34;9382;1573;229;49;1
3;7;9478;1356;1112;27;1
6;96;9309;1459;1106;48;1
9;150;9335;748;577;31;1
2;167;9315;1502;96;44;1
4;84;9442;1185;762;18;1
6;57;9358;1598;1112;38;1
2;10;9306;1658;803;49;1
2;128;9319;673;315;17;1
1;165;9341;1243;699;41;1
0;29;9389;386;1136;29;1
6;71;9466;1237;186;30;1
0;1;9483;792;1058;33;1
7;61;9468;1038;785;39;1
4;73;9462;1455;517;25;1
2;131;9341;1349;1180;47;1
9;4;9451;1009;232;12;1
6;1;9390;1250;709;42;1
3;166;9396;1462;660;27;1
0;14;9371;1498;1088;32;1
2;164;9427;1494;225;43;1
0;106;9415;1160;478;50;1
6;31;9380;615;736;14;1
2;156;9427;721;1196;29;1
1;110;9355;1674;955;24;1
4;49;9436;337;1051;12;1
0;169;9488;654;553;47;1
8;111;9456;1384;970;26;1
0;115;9336;1692;220;16;1
0;160;9446;1031;297;24;1
7;42;9408;1389;398;18;1
0;131;9411;840;1143;19;1
8;59;9348;1035;705;43;1
4;28;9338;983;851;24;1
9;122;9424;1239;1169;31;1
8;59;9457;482;987;44;1
5;127;9497;636;1136;40;1
3;138;9473;1412;131;24;1
5;21;9325;1197;868;41;1
5;179;9318;1443;367;47;1
5;27;9307;700;517;14;1
6;26;9485;1497;942;39;1
9;91;9459;681;981;17;1
9;162;9447;1190;1119;38;1
5;29;9354;1424;70;18;1
5;146;9363;1584;603;44;1
7;141;9404;442;396;32;1
7;19;9432;1685;152;19;1
3;176;9314;677;566;13;1
2;21;9481;531;698;31;1
9;63;9301;1182;738;20;1
9;54;9324;982;426;10;1
5;14;9407;1031;109;24;1
5;17;9386;1626;641;14;1
8;7;9324;1277;374;50;1
6;123;9416;1131;823;29;1
6;105;9391;1136;117;43;1
6;128;9436;917;253;43;1
9;44;9401;1459;1070;10;1
3;30;9438;1400;960;24;1
3;76;9384;853;1036;36;1
2;150;9376;355;289;26;1
6;96;9346;1067;434;13;1
3;40;9375;1475;1057;37;1
6;150;9490;1087;887;34;1
2;135;9461;918;79;33;1
5;15;9440;1117;303;39;1
5;68;9387;1360;452;36;1
9;39;9498;965;1071;35;1
6;128;9334;354;461;10;1
6;45;9339;1267;328;25;1
2;179;9391;759;966;27;1
0;76;9408;646;837;43;1
2;124;9470;733;351;43;1
2;62;9478;935;377;16;1
2;150;9479;1633;1040;24;1
8;123;9438;1241;742;17;1
7;97;9386;1464;448;50;1
0;5;9367;1466;88;43;1
1;142;9411;572;741;26;1
6;123;9478;1604;284;45;1
4;157;9380;1273;699;38;1
5;103;9357;564;1069;47;1
9;136;9384;839;861;17;1
9;5;9439;1404;795;19;1
0;32;9462;713;224;41;1
4;99;9448;1258;451;48;1
1;34;9468;402;628;45;1
4;72;9300;683;1139;42;1
0;172;9374;973;558;90;1
2;18;9320;418;304;40;1
0;178;9417;1511;782;50;1
0;146;9475;1193;1018;45;1
4;108;9420;1695;188;24;1
7;143;9371;727;666;48;1
1;40;9478;1334;874;27;1
3;140;9373;1432;1037;15;1
1;97;9331;890;1177;30;1
5;115;9410;1504;115;34;1
1;16;9361;507;522;22;1
4;15;9315;1689;388;13;1
3;178;9366;945;222;41;1
3;125;9442;405;1066;38;1
8;122;9393;1358;1152;22;1
9;23;9477;1631;867;27;1
2;156;9380;1163;602;39;1
1;143;9396;1454;795;33;1
2;26;9363;563;1144;20;1
8;170;9490;1684;157;18;1
8;160;9413;321;1001;15;1
8;44;9312;1581;292;46;1
7;104;9356;846;631;33;1
3;67;9344;546;414;35;1
5;175;9365;325;827;44;1
1;11;9408;1113;212;39;1
8;27;9382;1482;290;14;1
4;124;9399;1113;323;42;1
9;123;9340;1212;1100;25;1
2;144;9375;1617;688;27;1
4;79;9319;1172;94;11;1
9;4;9439;1345;104;31;1
3;86;9334;772;146;26;1
5;120;9466;1426;618;27;1
5;75;9458;370;1033;37;1
1;145;9358;1624;946;29;1
3;25;9440;346;453;30;1
3;148;9359;958;1038;18;1
9;97;9349;806;566;10;1
5;113;9383;960;1161;34;1
1;27;9326;997;510;35;1
1;69;9307;1646;208;22;1
3;71;9357;828;505;28;1
3;79;9370;1254;251;22;1
8;7;9487;964;986;22;1
1;92;9478;1041;385;34;1
8;35;9484;1076;517;35;1
9;27;9370;357;562;36;1
3;179;9420;355;1133;48;1
6;44;9474;376;564;26;1
2;133;9323;651;744;40;1
9;18;9343;1202;1037;45;1
5;70;9491;813;1155;46;1
0;96;9447;1462;922;18;1
3;153;9418;1618;1108;22;1
0;96;9359;878;301;34;1
6;147;9421;431;701;30;1
0;48;9386;627;775;31;1
5;2;9380;323;826;45;1
4;127;9493;574;568;12;1
1;159;9306;1276;1106;48;1
7;143;9468;552;696;37;1
1;161;9469;307;83;21;1
9;68;9489;887;404;29;1
8;68;9422;412;1153;41;1
5;112;9457;1657;1119;45;1
5;160;9399;936;733;48;1
1;97;9394;1430;264;40;1
2;157;9365;382;328;37;1
8;65;9450;471;851;33;1
4;12;9326;1283;258;41;1
0;31;9320;827;860;41;1
9;30;9430;584;177;38;1
7;142;9428;1369;104;24;1
1;115;9496;997;895;39;1
0;68;9460;1431;1065;16;1
7;108;9455;1553;625;34;1
4;74;9349;339;250;46;1
6;68;9355;1613;1069;12;1
5;144;9405;573;530;21;1
0;102;9300;549;385;36;1
9;38;9479;893;697;21;1
0;107;9432;1526;1093;18;1
3;94;9455;315;399;30;1
5;5;9362;718;243;38;1
1;87;9426;924;875;14;1
9;55;9434;1645;584;47;1
8;144;9471;1119;1074;35;1
5;123;9458;660;754;33;1
4;26;9393;1009;346;30;1
1;81;9398;782;297;16;1
7;130;9418;1521;1127;27;1
2;86;9447;904;279;28;1
3;47;9463;1100;119;16;1
8;115;9311;1305;210;39;1
1;148;9433;844;1015;32;1
8;57;9321;1415;1163;32;1
9;105;9333;890;540;20;1
4;125;9418;1627;142;47;1
0;28;9442;521;665;30;1
8;68;9463;1049;1158;49;1
8;14;9373;641;903;95;1
0;169;9409;761;374;34;1
4;29;9308;634;947;10;1
7;114;9435;401;711;33;1
9;145;9482;584;696;28;1
9;70;9429;514;1175;12;1
3;165;9388;612;547;13;1
0;117;9325;1009;572;37;1
8;93;9488;687;404;33;1
1;140;9412;1247;61;41;1
4;54;9481;348;1188;49;1
6;48;9472;1544;402;35;1
0;133;9442;807;1184;16;1
0;105;9302;1506;1188;38;1
1;37;9310;565;821;22;1
4;3;9436;1342;484;37;1
0;94;9398;1586;106;14;1
2;82;9412;1527;900;10;1
3;180;9401;989;1174;38;1
2;45;9454;1050;701;18;1
3;31;9370;1124;422;17;1
4;161;9306;1059;481;34;1
7;11;9355;1277;1051;38;1
0;173;9364;306;730;44;1
0;62;9301;1156;540;47;1
9;163;9500;845;954;34;1
2;41;9318;928;1106;23;1
9;72;9484;909;547;15;1
8;168;9353;1325;505;48;1
6;90;9455;808;862;25;1
2;109;9471;656;69;33;1
7;173;9413;854;504;11;1
2;126;9350;687;947;34;1
4;146;9442;1513;303;14;1
8;115;9486;1618;1180;25;1
4;44;9429;699;809;13;1
7;168;9405;1628;1148;18;1
4;82;9432;394;1167;40;1
2;44;9421;1451;543;44;1
8;112;9418;941;169;15;1
4;48;9431;1651;788;38;1
9;125;9379;976;278;46;1
5;164;9336;883;844;27;1
3;151;9456;772;212;40;1
9;129;9364;622;506;46;1
7;107;9426;1420;433;41;1
9;68;9458;1544;810;22;1
0;62;9447;1408;661;10;1
1;72;9430;1427;378;26;1
2;49;9422;908;1079;24;1
9;61;9367;1373;959;20;1
1;85;9430;1152;582;26;1
2;43;9351;766;209;18;1
5;4;9353;1472;1089;48;1
7;52;9419;1476;396;33;1
1;32;9342;574;812;34;1
2;99;9431;667;302;10;1
2;93;9416;1183;1107;38;1
9;91;9435;711;141;37;1
8;56;9465;870;1062;37;1
5;37;9304;956;632;17;1
2;140;9338;907;472;10;1
9;124;9328;1332;952;27;1
0;173;9476;626;330;35;1
6;133;9361;1265;293;27;1
1;65;9325;1310;813;24;1
6;143;9403;1669;1066;18;1
6;35;9485;1697;628;28;1
9;95;9381;886;714;13;1
7;29;9493;670;889;45;1
9;23;9459;1366;277;24;1
0;180;9394;517;259;26;1
4;118;9374;459;316;17;1
1;123;9325;1469;1096;17;1
6;176;9396;1291;925;14;1
8;77;9371;1446;1054;50;1
4;26;9473;1472;155;16;1
1;169;9397;1645;914;46;1
7;114;9487;996;264;40;1
0;180;9454;996;168;33;1
3;91;9337;670;989;10;1
6;50;9306;1327;551;43;1
0;88;9419;1603;256;19;1
2;76;9497;1098;674;46;1
5;105;9432;1225;1155;14;1
6;148;9363;1211;246;49;1
7;8;9324;697;502;50;1
8;6;9460;1140;955;22;1
1;62;9469;1291;407;33;1
5;170;9379;535;939;41;1
3;25;9316;900;582;14;1
4;5;9363;891;591;37;1
2;48;9363;1688;275;33;1
9;4;9377;1673;869;37;1
8;19;9336;902;897;20;1
2;147;9397;504;307;19;1
3;9;9314;785;745;48;1
0;81;9452;1305;777;15;1
2;117;9357;1241;1193;39;1
1;130;9385;656;734;90;1
1;117;9316;963;862;17;1
8;47;9447;985;139;43;1
8;155;9302;846;1002;20;1
7;27;9353;1216;70;42;1
1;115;9494;1347;566;23;1
9;58;9315;770;761;31;1
0;45;9366;1282;231;19;1
8;29;9487;341;403;14;1
3;174;9370;1357;751;25;1
5;80;9363;1566;743;15;1
1;82;9366;1444;298;16;1
9;130;9450;414;440;29;1
1;26;9379;1315;301;45;1
9;171;9367;1233;332;36;1
1;13;9331;1008;1046;23;1
4;106;9353;1386;819;47;1
9;2;9495;1534;814;17;1
5;0;9424;1666;475;31;1
9;144;9459;1208;101;34;1
8;157;9317;442;945;48;1
8;153;9442;1429;200;30;1
7;148;9491;1061;406;10;1
7;114;9332;1277;657;45;1
6;87;9490;1518;562;12;1
0;133;9467;1686;528;16;1
5;156;9338;1242;605;33;1
3;58;9304;1055;333;34;1
1;11;9460;1183;1089;13;1
1;121;9313;1575;1116;37;1
8;160;9371;1103;81;33;1
7;130;9436;877;616;41;1
3;154;9334;381;259;37;1
5;70;9305;308;936;13;1
7;131;9320;1653;1062;45;1
3;180;9335;1027;606;30;1
6;96;9466;690;886;36;1
3;72;9468;1337;1172;18;1
4;4;9479;1631;945;14;1
1;56;9440;996;433;12;1
5;56;9393;1011;367;48;1
9;64;9359;1123;879;14;1
9;41;9314;863;683;24;1
0;0;9428;1558;322;30;1
1;103;9412;875;613;19;1
4;167;9385;387;304;21;1
0;65;9357;1379;763;50;1
3;75;9433;1496;498;42;1
3;161;9437;1671;1129;30;1
6;100;9347;1609;1132;43;1
4;23;9471;1225;139;18;1
0;32;9395;587;640;45;1
9;25;9431;1412;731;37;1
5;56;9436;667;109;49;1
5;100;9434;684;108;15;1
7;118;9494;992;356;38;1
1;12;9317;1619;207;25;1
4;40;9301;720;135;36;1
2;98;9401;1546;606;11;1
5;117;9391;1083;1119;36;1
1;83;9415;1109;530;23;1
9;19;9356;538;1024;46;1
4;59;9324;979;528;39;1
2;44;9382;531;606;35;1
7;134;9344;1088;481;10;1
3;109;9499;941;307;45;1
7;142;9401;365;1084;47;1
3;70;9320;418;605;31;1
6;66;9418;731;183;42;1
6;170;9446;1489;1116;44;1
9;160;9492;1182;290;39;1
0;10;9367;1556;337;13;1
1;131;9454;1476;459;17;1
3;156;9329;1608;633;49;1
8;90;9390;692;908;49;1
1;15;9303;1261;1061;42;1
0;50;9306;656;824;10;1
0;152;9396;1438;516;33;1
7;8;9351;964;1071;34;1
3;9;9326;1468;1013;22;1
7;149;9314;978;115;20;1
6;72;9457;550;976;23;1
1;14;9443;423;1021;50;1
2;27;9444;1133;433;19;1
2;37;9447;1313;874;37;1
8;164;9327;1067;861;26;1
0;105;9478;967;461;27;1
3;166;9428;1309;310;50;1
3;58;9369;790;537;16;1
2;150;9368;730;313;50;1
1;49;9402;960;824;24;1
3;154;9341;1611;1085;36;1
9;9;9401;935;369;18;1
9;176;9404;1393;513;18;1
1;18;9373;1503;1005;34;1
9;150;9463;1152;972;12;1
5;140;9488;1275;773;27;1
7;107;9340;1593;354;45;1
3;124;9488;562;1014;32;1
5;95;9416;1661;723;22;1
5;61;9436;791;974;50;1
5;53;9378;686;752;49;1
7;73;9412;1286;1146;46;1
1;76;9315;374;592;48;1
3;37;9441;1384;880;41;1
3;29;9409;984;499;18;1
7;111;9351;631;242;16;1
6;24;9413;800;296;28;1
8;126;9454;1039;131;42;1
6;180;9433;484;1107;18;1
8;144;9415;1248;1085;40;1
2;168;9403;972;832;32;1
1;25;9343;1272;517;39;1
7;151;9330;422;837;16;1
0;49;9455;428;464;45;1
9;176;9351;1579;364;47;1
3;172;9359;899;1009;20;1
3;52;9395;1508;631;16;1
4;6;9484;840;846;35;1
4;104;9323;1040;641;45;1
0;133;9454;313;1138;23;1
2;128;9500;1349;403;31;1
2;6;9362;405;79;37;1
0;168;9416;1320;850;48;1
4;175;9350;1321;100;15;1
4;86;9324;1546;933;27;1
2;171;9330;554;971;40;1
6;4;9381;1355;811;41;1
3;132;9499;1060;1128;28;1
0;160;9500;1590;527;36;1
0;64;9310;725;70;15;1
7;159;9313;320;706;47;1
4;60;9347;1229;689;17;1
5;148;9412;1509;1116;48;1
9;131;9335;1274;139;47;1
2;91;9387;958;188;38;1
7;111;9462;1415;577;13;1
2;98;9325;1616;349;34;1
8;102;9432;1103;1164;19;1
5;109;9408;1104;850;11;1
6;99;9401;990;650;16;1
9;96;9347;663;703;37;1
8;81;9430;1571;944;18;1
7;52;9461;422;731;39;1
4;96;9468;764;582;37;1
0;171;9324;1437;222;23;1
7;24;9349;439;312;16;1
5;154;9307;628;83;17;1
6;132;9307;1693;879;32;1
1;122;9470;843;811;22;1
0;93;9489;1525;1026;21;1
4;28;9394;1493;92;38;1
3;10;9401;1108;1029;49;1
8;148;9472;795;102;21;1
0;152;9448;1069;1114;11;1
3;151;9483;975;580;18;1
5;121;9391;1641;468;23;1
5;19;9314;1461;882;30;1
5;101;9377;441;193;31;1
0;133;9464;508;281;19;1
5;172;9420;596;409;48;1
7;84;9312;1401;70;30;1
1;146;9410;522;212;15;1
5;127;9465;729;610;41;1
3;43;9408;987;379;20;1
1;173;9465;786;463;50;1
7;26;9443;1353;982;47;1
3;56;9356;349;859;47;1
9;80;9414;773;565;39;1
6;92;9416;1615;638;24;1
3;64;9479;547;267;35;1
9;112;9412;468;778;45;1
0;57;9366;1432;1075;28;1
8;154;9344;1267;1113;30;1
0;176;9372;721;490;20;1
7;103;9491;319;415;46;1
5;109;9403;533;278;49;1
6;1;9377;1250;1062;39;1
7;24;9351;1353;778;35;1
7;139;9331;873;1175;45;1
4;84;9354;432;411;12;1
5;95;9306;1522;337;40;1
5;63;9326;1087;490;17;1
3;76;9393;889;1083;33;1
0;45;9352;631;1063;37;1
5;121;9444;1383;1079;13;1
6;32;9336;1163;750;23;1
9;87;9466;323;835;37;1
9;48;9362;1148;1103;15;1
0;3;9318;354;1169;31;1
0;84;9475;1257;394;29;1
2;172;9446;1132;821;28;1
6;126;9455;413;960;16;1
2;66;9356;799;934;47;1
6;0;9452;915;829;35;1
3;161;9454;663;183;26;1
3;122;9396;979;981;22;1
1;40;9301;1283;106;48;1
5;65;9447;316;1021;12;1
2;113;9405;1143;243;47;1
1;105;9316;1134;884;31;1
7;168;9393;1193;1065;41;1
6;109;9384;1466;673;38;1
0;87;9388;1033;486;37;1
5;12;9323;1444;1109;43;1
3;115;9355;411;365;38;1
8;141;9394;883;294;42;1
1;91;9300;825;694;34;1
3;117;9312;1103;137;13;1
5;77;9354;768;626;23;1
1;45;9354;508;639;18;1
8;25;9417;875;353;36;1
7;167;9314;1696;640;13;1
8;151;9331;457;1103;26;1
4;72;9357;1006;590;22;1
0;150;9381;973;744;30;1
2;141;9353;710;398;47;1
9;149;9381;323;451;15;1
9;25;9421;578;92;41;1
4;95;9319;1605;990;13;1
6;102;9466;861;68;26;1
8;133;9472;1666;1090;10;1
3;134;9401;595;509;17;1
5;35;9446;770;419;12;1
2;30;9406;1249;532;20;1
3;158;9485;1452;324;14;1
6;19;9306;675;938;34;1
6;97;9339;1572;425;13;1
4;22;9409;349;267;13;1
7;47;9455;501;281;39;1
5;106;9500;375;68;38;1
0;12;9386;489;1148;39;1
7;96;9459;367;378;34;1
5;144;9481;452;511;38;1
6;81;9445;1272;510;45;1
7;70;9481;531;178;27;1
5;131;9428;838;1119;35;1
7;150;9434;976;1151;24;1
7;19;9450;1627;842;24;1
5;80;9307;1336;1104;49;1
9;21;9331;597;218;43;1
4;61;9337;492;666;38;1
6;38;9374;1265;546;24;1
0;167;9452;677;267;38;1
5;140;9424;1389;430;32;1
7;88;9366;328;815;21;1
3;57;9333;696;384;34;1
9;115;9303;1359;155;49;1
2;117;9413;1681;1119;42;1
6;57;9327;904;301;15;1
8;18;9354;845;210;27;1
0;165;9365;787;1040;50;1
0;174;9309;941;1126;45;1
9;93;9327;339;564;27;1
8;79;9481;447;132;35;1
0;65;9481;1621;1097;44;1
8;30;9344;1153;973;16;1
6;26;9316;547;522;22;1
7;118;9448;1089;767;45;1
5;84;9411;972;732;14;1
0;45;9369;376;554;34;1
0;178;9367;482;962;34;1
6;92;9412;1306;1081;49;1
5;147;9314;839;1130;18;1
7;69;9406;946;662;50;1
3;138;9407;345;146;44;1
3;176;9374;819;1003;34;1
7;70;9432;749;1187;30;1
3;39;9344;1616;348;37;1
8;133;9397;1686;140;25;1
2;137;9323;1153;1113;38;1
9;7;9445;622;539;32;1
4;44;9431;891;151;25;1
4;119;9367;574;578;45;1
1;173;9383;1492;588;14;1
5;154;9334;1301;666;47;1
1;170;9461;1498;102;36;1
7;85;9309;712;382;21;1
2;68;9390;353;872;28;1
3;32;9351;1003;220;13;1
5;66;9330;1614;895;19;1
7;131;9390;1345;493;27;1
5;62;9461;1692;1066;30;1
9;6;9482;1667;785;48;1
3;161;9316;617;933;27;1
4;160;9334;928;170;13;1
2;51;9451;1453;165;35;1
3;162;9337;664;960;42;1
5;119;9404;1589;1061;47;1
6;35;9417;847;1136;49;1
7;139;9357;1522;401;25;1
6;54;9326;917;487;35;1
4;110;9318;366;534;42;1
5;138;9405;1670;897;45;1
1;71;9426;658;340;39;1
6;76;9362;665;248;36;1
3;69;9455;893;652;12;1
3;77;9400;572;146;18;1
7;49;9406;1281;178;21;1
9;120;9327;557;99;29;1
5;145;9389;1352;1171;36;1
0;117;9431;508;164;20;1
4;66;9376;386;388;35;1
9;14;9424;1571;422;31;1
4;156;9443;1666;833;45;1
5;60;9454;804;502;45;1
2;149;9470;1156;918;30;1
8;85;9384;1052;626;13;1
6;11;9326;1205;753;42;1
4;74;9321;867;537;26;1
8;91;9308;1633;545;45;1
6;127;9370;1274;1156;31;1
8;108;9408;1105;491;17;1
1;63;9364;882;185;44;1
9;20;9473;368;584;20;1
4;110;9495;543;1128;28;1
9;81;9339;940;1116;42;1
3;179;9498;769;981;12;1
2;173;9467;1501;1018;43;1
6;68;9469;1485;591;46;1
4;33;9378;1005;488;22;1
3;137;9341;974;670;50;1
0;29;9476;592;1116;27;1
3;139;9483;1259;528;17;1
4;58;9431;846;506;50;1
8;146;9466;1458;537;21;1
3;13;9403;556;685;29;1
3;1;9418;759;815;34;1
0;80;9465;1130;735;48;1
9;34;9447;323;663;33;1
0;21;9454;1495;276;20;1
5;165;9378;746;158;15;1
4;49;9430;1648;333;44;1
8;125;9304;1253;934;26;1
3;13;9341;857;1066;22;1
6;46;9411;453;508;19;1
9;180;9432;1354;242;35;1
5;113;9488;613;381;39;1
7;118;9366;1050;630;48;1
3;46;9445;1182;895;12;1
3;157;9354;1032;814;22;1
0;92;9460;1475;86;48;1
6;56;9478;745;921;17;1
1;98;9341;395;61;22;1
3;176;9420;418;169;30;1
1;100;9445;1338;737;45;1
6;24;9389;664;337;48;1
1;43;9466;357;105;45;1
5;20;9498;1268;627;17;1
2;44;9423;460;324;12;1
4;83;9315;372;1197;17;1
8;116;9422;1049;820;12;1
2;88;9397;1366;1102;43;1
9;151;9348;763;1114;42;1
4;95;9352;828;979;26;1
0;35;9451;549;1119;30;1
0;101;9457;1575;352;38;1
3;4;9455;912;261;24;1
1;97;9490;1585;357;45;1
7;166;9456;1624;102;45;1
8;40;9487;742;83;48;1
7;68;9363;1265;284;46;1
5;5;9358;558;1144;36;1
6;63;9446;484;960;11;1
4;78;9347;648;494;34;1
9;70;9464;1396;203;31;1
8;132;9467;958;662;23;1
5;105;9412;452;1013;22;1
4;164;9420;1026;471;19;1
4;83;9305;1089;578;49;1
0;100;9366;1015;804;10;1
7;39;9463;1188;371;48;1
0;65;9407;1692;465;32;1
2;45;9449;398;930;12;1
6;174;9321;1445;1140;39;1
4;60;9367;384;99;31;1
6;60;9477;1532;493;38;1
7;121;9496;459;569;49;1
9;12;9304;636;904;38;1
6;34;9373;1003;595;25;1
0;18;9315;1139;234;28;1
7;75;9432;982;482;30;1
3;92;9415;575;97;29;1
1;45;9334;1009;852;50;1
4;178;9414;1301;893;10;1
0;177;9337;848;354;29;1
0;47;9351;1230;579;25;1
0;5;9338;1693;531;15;1
6;173;9424;527;727;14;1
2;156;9475;716;1061;10;1
4;119;9443;1600;835;31;1
5;12;9400;1582;607;38;1
5;180;9340;984;889;37;1
9;108;9326;913;1104;36;1
7;179;9347;783;371;45;1
0;40;9453;1469;674;50;1
2;156;9370;590;938;16;1
6;22;9480;1333;709;41;1
4;152;9341;1459;80;34;1
1;126;9405;575;398;37;1
7;168;9339;1069;659;49;1
8;19;9493;1075;100;41;1
8;48;9356;1446;1118;48;1
2;133;9450;1621;660;24;1
5;43;9354;829;130;16;1
5;148;9340;367;352;17;1
8;88;9306;976;98;27;1
8;149;9430;1578;429;26;1
4;73;9440;1080;495;37;1
9;134;9332;895;1123;43;1
4;63;9402;691;968;33;1
3;101;9498;442;1038;37;1
6;111;9359;1220;209;42;1
4;116;9336;849;1159;25;1
8;56;9453;564;291;50;1
6;151;9310;772;437;11;1
6;117;9427;459;817;23;1
3;151;9316;566;1081;11;1
3;13;9438;1294;77;16;1
2;12;9352;849;153;18;1
3;179;9411;1191;502;35;1
0;91;9468;1455;1176;37;1
3;38;9446;854;1122;22;1
6;177;9370;1555;798;42;1
6;168;9428;1560;359;24;1
3;8;9427;350;516;15;1
5;173;9392;1484;513;37;1
7;84;9321;374;484;26;1
7;11;9308;588;70;45;1
0;69;9478;825;1189;40;1
1;71;9497;988;657;40;1
7;38;9315;1352;615;27;1
0;13;9322;972;924;26;1
6;47;9329;1361;894;13;1
9;36;9395;1680;211;21;1
1;173;9493;647;112;46;1
2;50;9398;619;718;43;1
3;110;9473;522;887;29;1
4;89;9500;358;765;22;1
3;59;9413;484;901;46;1
6;39;9347;765;111;13;1
1;34;9440;1536;305;39;1
2;103;9473;702;1195;16;1
2;5;9315;845;80;11;1
4;122;9389;583;72;14;1
9;166;9424;1552;213;37;1
9;180;9392;872;534;36;1
6;13;9392;1245;1055;47;1
6;153;9475;468;1120;49;1
1;43;9496;324;164;49;1
4;55;9481;1549;91;30;1
2;70;9473;1690;565;48;1
1;157;9361;940;178;27;1
1;57;9405;506;425;19;1
5;71;9454;887;1108;40;1
5;126;9313;1101;540;46;1
3;110;9306;503;739;40;1
1;112;9453;363;429;37;1
5;174;9361;497;642;37;1
9;11;9379;1643;853;38;1
9;173;9440;1459;465;28;1
5;161;9309;653;307;49;1
8;14;9446;976;706;47;1
4;90;9383;1427;204;41;1
6;10;9446;1215;1082;10;1
9;30;9448;611;66;28;1
5;164;9315;867;915;18;1
2;141;9338;582;1152;21;1
9;30;9448;661;327;46;1
4;12;9446;1437;329;43;1
9;141;9416;1435;119;35;1
6;51;9363;1680;220;13;1
3;11;9307;1288;861;17;1
9;63;9359;1225;1042;18;1
1;80;9329;1378;1119;46;1
7;54;9438;891;1039;43;1
4;122;9431;1434;975;48;1
3;91;9325;318;967;17;1
0;47;9364;444;294;15;1
8;69;9421;1318;1053;18;1
4;26;9341;647;1199;31;1
2;137;9341;912;683;14;1
6;101;9497;588;814;40;1
9;115;9402;1260;1108;33;1
2;61;9396;886;1006;42;1
7;4;9449;316;651;46;1
4;14;9402;1507;99;44;1
1;32;9330;791;178;14;1
7;5;9371;650;219;38;1
4;178;9448;318;975;40;1
4;95;9365;1573;703;32;1
9;25;9445;415;227;45;1
6;69;9436;1069;1059;44;1
4;32;9365;847;118;30;1
5;165;9325;1409;1018;46;1
5;59;9310;833;243;23;1
4;144;9492;963;744;38;1
9;131;9430;606;706;25;1
6;23;9313;417;1087;24;1
1;133;9333;1650;763;16;1
5;50;9422;644;530;29;1
9;108;9482;873;1039;45;1
2;88;9397;439;279;45;1
7;54;9388;557;130;48;1
3;180;9462;785;392;15;1
9;20;9462;1165;72;29;1
9;25;9312;1125;1197;35;1
9;126;9461;1673;79;31;1
5;34;9318;1189;989;45;1
0;101;9487;729;728;15;1
2;56;9418;353;1127;20;1
9;25;9345;753;1172;49;1
2;110;9303;1243;194;22;1
6;147;9379;924;234;27;1
0;97;9359;936;216;11;1
5;155;9377;1172;864;24;1
9;66;9468;1010;539;16;1
3;70;9367;1636;111;22;1
3;135;9307;1035;740;10;1
0;159;9437;732;865;12;1
7;108;9411;438;548;30;1
7;152;9330;743;546;39;1
6;70;9347;830;922;33;1
5;138;9379;501;932;42;1
8;154;9375;1546;451;33;1
9;175;9397;380;658;45;1
2;136;9459;1029;135;19;1
5;94;9472;440;192;22;1
6;91;9335;1144;1162;32;1
4;150;9339;797;334;41;1
7;129;9492;1646;941;24;1
4;65;9319;592;1134;11;1
8;67;9419;866;950;43;1
3;27;9327;643;415;41;1
8;51;9429;1683;1063;35;1
3;14;9357;766;928;18;1
7;116;9314;874;862;50;1
9;15;9356;1212;139;25;1
7;160;9373;1492;468;39;1
4;72;9481;1450;539;42;1
9;151;9432;941;975;31;1
2;123;9310;1365;402;32;1
2;38;9320;1190;126;41;1
2;123;9458;490;872;30;1
6;147;9458;1625;87;16;1
7;31;9321;1556;810;33;1
2;75;9431;716;1133;30;1
4;145;9444;1116;924;36;1
7;66;9484;1416;147;22;1
5;0;9381;1383;1078;42;1
6;84;9423;1262;935;35;1
4;106;9479;972;426;32;1
5;143;9390;708;955;29;1
0;95;9304;1072;1026;35;1
4;127;9321;641;708;13;1
3;120;9365;1144;416;12;1
1;40;9364;984;561;36;1
1;167;9344;863;358;43;1
1;60;9343;1259;651;45;1
2;65;9413;1205;518;27;1
8;97;9483;1618;1087;44;1
4;109;9469;1157;488;16;1
9;174;9471;787;1183;39;1
1;127;9385;1423;617;21;1
5;68;9469;1027;314;18;1
5;126;9495;378;414;48;1
8;25;9396;463;702;18;1
5;110;9374;707;634;43;1
9;117;9482;889;535;17;1
0;54;9497;771;167;38;1
3;12;9377;1159;1145;17;1
7;21;9343;1580;916;26;1
2;64;9415;1580;145;49;1
3;56;9445;1544;707;15;1
7;8;9409;1528;477;10;1
7;118;9436;1191;1001;28;1
5;47;9494;1011;494;24;1
7;161;9309;1457;480;16;1
1;83;9467;387;1080;19;1
6;157;9439;1352;143;30;1
4;41;9392;1406;717;15;1
1;130;9366;351;739;26;1
1;171;9309;1663;700;46;1
2;165;9421;1143;1156;17;1
3;178;9451;1043;887;20;1
9;102;9408;1043;858;16;1
6;24;9318;1185;118;32;1
3;83;9358;1081;836;24;1
0;110;9368;813;391;34;1
0;82;9453;1118;92;23;1
2;172;9470;784;1177;36;1
5;23;9420;1322;383;42;1
8;133;9460;1195;432;33;1
0;92;9485;1084;569;32;1
6;3;9331;858;531;42;1
0;110;9377;1694;201;26;1
1;32;9472;722;288;25;1
2;40;9448;1306;1047;20;1
8;81;9337;1168;390;44;1
1;152;9322;758;744;18;1
7;137;9371;1097;992;31;1
9;128;9332;1462;875;20;1
15;44;9494;1204;1081;341;2
13;60;9310;412;132;253;2
10;59;9423;643;1124;226;2
8;60;9340;1217;832;254;2
14;2;9424;512;846;225;2
12;4;9340;1293;803;304;2
7;4;9322;843;272;304;2
16;40;9301;364;436;232;2
15;52;9384;1300;284;283;2
12;27;9428;1503;538;211;2
12;24;9384;951;817;303;2
9;5;9414;826;266;287;2
7;36;9355;1021;617;242;2
7;20;9429;490;181;360;2
10;56;9335;552;1158;210;2
10;30;9427;1240;832;357;2
13;7;9407;641;1090;326;2
8;8;9401;972;221;306;2
13;45;9313;644;1066;212;2
14;39;9354;1387;484;232;2
7;36;9371;1447;107;192;2
13;16;9386;334;1193;234;2
10;14;9385;653;619;331;2
11;22;9433;1268;667;345;2
13;34;9368;760;721;328;2
9;29;9486;422;780;268;2
16;53;9351;1377;133;343;2
10;11;9421;1490;111;333;2
13;9;9446;1520;1057;210;2
16;60;9391;1245;621;152;2
14;49;9472;1151;369;265;2
15;55;9441;1501;771;340;2
9;27;9367;1663;742;222;2
15;36;9382;467;1123;212;2
12;49;9390;421;135;331;2
15;56;9469;1441;1023;223;2
8;43;9450;1225;128;286;2
7;47;9431;1287;492;156;2
15;23;9350;494;482;225;2
8;42;9426;568;474;160;2
12;16;9448;1572;1132;188;2
14;18;9477;777;1046;178;2
10;46;9397;1013;547;287;2
14;30;9466;588;1108;184;2
15;59;9384;798;633;201;2
12;31;9326;646;483;336;2
8;16;9325;1360;275;316;2
13;59;9383;722;1090;273;2
8;0;9349;1367;872;173;2
12;48;9343;994;650;197;2
16;48;9431;755;374;311;2
13;37;9349;578;742;168;2
9;20;9341;1621;84;257;2
14;39;9388;541;962;316;2
15;28;9479;1419;201;163;2
12;29;9304;1675;997;298;2
12;57;9400;1602;388;339;2
12;35;9465;1234;1080;213;2
8;1;9398;1509;1000;282;2
10;10;9323;1235;253;327;2
11;21;9412;1275;274;280;2
8;27;9494;1500;126;154;2
15;34;9463;366;1050;341;2
11;32;9497;1685;623;206;2
13;0;9320;865;481;327;2
9;23;9379;1624;640;164;2
9;55;9329;1592;1125;364;2
14;2;9394;506;806;202;2
15;39;9366;1590;667;259;2
16;41;9450;559;735;199;2
10;33;9471;919;704;359;2
9;29;9402;1536;1113;208;2
14;22;9473;1162;565;219;2
14;11;9445;1631;1110;335;2
7;50;9359;448;371;326;2
10;7;9324;1256;202;191;2
16;11;9455;1486;312;191;2
14;29;9356;1096;370;218;2
15;38;9499;1332;304;190;2
12;13;9365;824;350;331;2
12;29;9402;627;339;351;2
8;44;9454;967;651;303;2
7;20;9373;591;398;214;2
16;41;9400;310;1080;289;2
7;49;9303;799;403;209;2
12;60;9377;923;842;249;2
10;22;9439;1174;832;161;2
11;24;9485;1171;500;280;2
15;49;9344;1658;859;323;2
8;18;9323;1187;680;256;2
11;49;9464;1419;929;362;2
12;44;9355;1146;1167;229;2
13;14;9437;882;1056;311;2
9;6;9305;1522;981;362;2
12;0;9403;807;657;279;2
8;41;9376;894;308;329;2
16;10;9476;658;1118;305;2
8;55;9372;1172;562;324;2
7;51;9432;1328;1054;220;2
10;6;9433;1472;172;194;2
13;58;9406;734;815;225;2
15;13;9437;1468;1146;266;2
8;31;9439;698;234;322;2
7;54;9358;1397;359;321;2
11;11;9347;749;663;256;2
10;33;9448;1457;1003;279;2
7;46;9318;1308;1004;260;2
12;7;9471;643;314;258;2
8;25;9383;1466;526;203;2
8;17;9461;1317;666;333;2
11;55;9483;365;1064;153;2
16;39;9429;592;779;171;2
11;34;9314;315;495;340;2
11;14;9318;953;1079;351;2
9;41;9374;829;671;341;2
14;43;9410;1301;845;297;2
14;26;9444;1700;528;331;2
10;35;9479;981;1064;326;2
11;45;9313;473;1151;185;2
11;42;9347;599;229;355;2
10;35;9453;943;103;315;2
10;56;9355;1529;943;274;2
11;13;9499;1416;805;301;2
12;23;9323;1075;463;230;2
14;14;9426;405;476;200;2
13;15;9325;987;750;236;2
14;5;9406;803;238;289;2
13;40;9363;569;439;344;2
12;0;9326;1325;591;348;2
15;60;9483;1156;282;181;2
8;22;9448;705;91;278;2
9;7;9471;1419;1101;302;2
14;17;9496;1172;895;229;2
8;2;9421;1316;289;237;2
13;11;9357;1545;78;364;2
11;33;9493;800;116;161;2
9;60;9350;1000;1075;289;2
7;59;9315;1280;508;307;2
14;48;9444;894;770;306;2
14;48;9358;1047;299;157;2
14;59;9376;416;346;219;2
9;10;9350;646;551;300;2
11;9;9334;527;763;197;2
8;46;9395;1376;852;332;2
15;12;9483;736;235;280;2
8;49;9373;1177;66;248;2
13;29;9411;1297;933;284;2
15;30;9404;476;1045;316;2
16;0;9494;1630;615;319;2
8;8;9462;706;1071;365;2
14;6;9407;1123;1065;152;2
13;15;9441;1060;72;212;2
8;4;9402;398;537;323;2
16;15;9449;1357;358;237;2
16;59;9372;884;521;288;2
9;47;9493;1222;775;277;2
12;54;9418;574;559;249;2
16;12;9351;1490;503;346;2
13;28;9384;831;1114;212;2
8;36;9408;766;254;237;2
16;5;9308;640;878;198;2
9;27;9332;1547;798;162;2
7;10;9425;1386;74;251;2
16;36;9374;378;149;154;2
8;40;9454;533;493;277;2
14;53;9455;1072;137;365;2
10;17;9457;655;779;266;2
12;26;9358;566;270;323;2
13;41;9426;1697;171;342;2
11;53;9374;1660;314;252;2
12;48;9473;1287;125;319;2
11;54;9451;698;274;196;2
14;3;9429;1589;812;337;2
13;32;9307;1235;879;269;2
7;30;9333;1101;531;285;2
10;58;9433;479;769;333;2
13;31;9362;1592;441;312;2
8;60;9449;1214;770;267;2
8;54;9371;1438;796;156;2
12;43;9464;1131;1024;359;2
8;21;9489;1159;700;234;2
9;52;9310;932;567;314;2
10;48;9437;1344;705;320;2
15;43;9476;576;197;300;2
16;32;9354;736;517;305;2
9;9;9313;1484;70;237;2
8;4;9415;1617;254;157;2
16;9;9480;1609;771;191;2
7;4;9327;906;246;266;2
13;8;9492;1089;600;288;2
16;39;9321;430;1186;265;2
15;15;9347;1033;1165;344;2
16;3;9351;1254;209;217;2
12;21;9416;1367;1192;296;2
12;15;9450;850;298;205;2
14;37;9365;1659;242;150;2
11;56;9448;662;566;335;2
10;49;9490;1159;254;255;2
8;29;9336;681;263;192;2
14;28;9325;1691;513;208;2
11;40;9360;1567;940;346;2
11;8;9314;1339;574;173;2
7;16;9482;359;983;230;2
8;57;9381;461;242;197;2
9;10;9376;1055;463;336;2
10;45;9375;1122;856;350;2
8;45;9313;543;337;349;2
16;1;9422;893;512;279;2
8;48;9301;691;1142;225;2
9;18;9391;803;521;362;2
10;58;9387;1574;451;318;2
11;34;9383;1081;529;308;2
13;59;9323;1581;1053;258;2
16;59;9344;1476;114;205;2
11;43;9312;591;85;164;2
13;19;9426;1217;425;333;2
14;24;9334;531;376;199;2
15;14;9301;411;766;243;2
12;50;9382;912;737;350;2
11;30;9438;434;391;298;2
7;44;9443;463;763;197;2
9;52;9439;1639;826;223;2
11;49;9381;1343;537;347;2
9;54;9330;1697;111;249;2
9;58;9378;436;895;263;2
7;26;9349;558;466;276;2
7;53;9449;1449;127;152;2
10;47;9483;1589;1002;233;2
11;2;9423;1062;1100;268;2
8;4;9415;1062;1196;317;2
13;10;9490;1150;762;241;2
11;0;9334;1084;323;301;2
14;19;9443;569;113;262;2
9;24;9382;368;423;319;2
9;54;9352;1487;480;283;2
9;31;9481;580;932;219;2
9;16;9493;1376;809;279;2
14;22;9359;752;300;224;2
9;39;9360;554;106;365;2
16;36;9453;305;1113;310;2
14;11;9349;417;920;218;2
9;35;9318;1331;871;178;2
13;22;9357;1513;615;284;2
16;2;9371;1385;95;357;2
12;40;9394;1663;306;278;2
15;54;9343;1284;862;258;2
15;39;9314;1591;310;151;2
9;30;9363;833;984;250;2
16;38;9442;885;558;171;2
11;43;9374;1380;922;286;2
16;31;9382;950;727;327;2
7;42;9313;1142;280;330;2
10;6;9311;1488;1100;264;2
16;20;9312;1620;793;356;2
16;52;9343;539;278;364;2
7;28;9338;756;906;269;2
8;19;9401;1580;407;235;2
10;3;9500;764;1014;222;2
16;4;9423;472;475;342;2
15;48;9323;635;930;245;2
10;25;9481;947;802;224;2
11;6;9381;947;216;166;2
9;34;9370;1109;944;324;2
13;60;9410;1543;218;356;2
11;25;9370;1645;730;257;2
9;9;9480;654;996;285;2
11;49;9398;1309;915;338;2
9;56;9304;1388;89;174;2
11;45;9444;916;571;198;2
12;25;9388;1433;504;329;2
13;22;9478;1535;545;311;2
15;22;9410;1425;599;261;2
13;35;9301;425;539;254;2
7;36;9464;1086;528;345;2
15;4;9319;1018;367;153;2
8;43;9358;1467;794;253;2
9;0;9363;1003;729;220;2
12;6;9489;1374;498;155;2
16;9;9441;797;191;231;2
15;16;9459;820;1036;181;2
15;13;9458;1285;202;168;2
9;57;9334;1458;1195;239;2
10;57;9454;672;561;341;2
9;60;9489;1568;906;257;2
13;30;9424;1590;1108;341;2
9;32;9321;1641;907;210;2
10;50;9476;633;113;278;2
7;56;9350;1598;783;357;2
12;60;9413;386;1120;294;2
11;9;9494;453;1177;271;2
8;25;9382;1488;472;349;2
13;17;9379;1435;514;281;2
11;41;9346;1605;615;280;2
14;29;9322;653;443;183;2
10;51;9461;481;647;201;2
7;44;9461;773;1193;339;2
9;46;9385;639;542;271;2
15;12;9367;640;900;340;2
12;40;9330;552;1158;283;2
8;6;9356;954;590;220;2
11;9;9487;913;432;189;2
7;11;9478;1451;65;223;2
15;9;9497;513;233;242;2
15;42;9351;586;774;264;2
9;58;9452;757;661;298;2
12;26;9399;1613;309;344;2
7;43;9385;626;691;314;2
8;33;9439;1278;349;190;2
7;4;9340;1065;354;257;2
10;20;9412;335;257;335;2
7;41;9347;358;1070;222;2
7;11;9406;585;1188;236;2
13;31;9496;1191;698;282;2
13;38;9427;1074;870;364;2
14;10;9402;1556;211;307;2
9;17;9497;594;96;333;2
9;59;9487;834;380;246;2
10;38;9447;901;1033;228;2
16;57;9447;323;922;331;2
13;11;9352;913;856;278;2
8;38;9437;461;326;353;2
8;19;9465;1692;879;290;2
11;54;9427;1080;115;241;2
8;55;9386;527;711;181;2
8;43;9488;920;868;240;2
14;54;9350;577;753;169;2
11;52;9414;406;976;152;2
12;23;9317;745;486;272;2
15;49;9494;401;860;320;2
13;30;9463;1282;426;202;2
8;10;9328;1591;1075;286;2
16;50;9388;1025;420;359;2
15;28;9472;1313;199;294;2
15;19;9446;1271;64;358;2
11;40;9347;1317;1013;290;2
13;13;9375;1324;885;361;2
7;54;9303;1213;1082;256;2
11;35;9347;1175;624;341;2
8;25;9329;1529;463;306;2
9;12;9329;1432;1158;298;2
12;31;9472;527;103;179;2
12;34;9421;524;514;302;2
9;59;9455;1507;1169;200;2
15;44;9395;848;146;288;2
12;45;9350;790;197;345;2
13;53;9430;751;284;356;2
9;29;9457;878;1052;233;2
10;57;9410;592;529;192;2
9;56;9329;811;231;350;2
14;36;9355;323;329;165;2
10;15;9310;383;1000;348;2
11;58;9384;427;229;320;2
13;38;9477;525;814;316;2
8;51;9419;1697;993;331;2
12;10;9447;874;801;315;2
7;38;9419;911;130;337;2
16;3;9378;1174;321;303;2
11;43;9453;1518;1010;319;2
15;3;9328;781;680;277;2
14;43;9469;1157;954;234;2
13;14;9304;405;1011;300;2
10;42;9481;1436;1183;365;2
11;15;9451;1087;907;228;2
7;45;9351;461;146;198;2
8;23;9370;857;994;240;2
11;37;9338;1327;960;308;2
13;9;9317;589;681;344;2
12;36;9416;1588;189;276;2
14;5;9450;539;417;334;2
16;8;9354;632;795;253;2
15;46;9405;1359;229;260;2
14;7;9302;1007;854;252;2
16;19;9393;1262;1092;203;2
8;37;9309;459;860;225;2
13;24;9483;1527;1052;150;2
11;8;9338;1398;102;325;2
8;1;9369;423;183;295;2
11;48;9477;1205;60;262;2
14;34;9428;1115;68;232;2
7;53;9497;918;847;242;2
15;13;9323;954;141;227;2
13;9;9355;1544;760;276;2
13;33;9447;1490;142;305;2
14;13;9426;1348;1024;327;2
8;59;9303;937;1199;187;2
13;8;9408;1049;988;342;2
9;1;9455;1302;672;358;2
9;11;9468;1370;1009;154;2
7;46;9432;652;551;262;2
13;54;9412;306;1198;192;2
16;2;9486;670;833;205;2
12;34;9456;832;1145;345;2
10;9;9438;572;584;268;2
13;32;9336;1526;189;357;2
7;47;9448;1591;679;333;2
11;47;9473;594;235;225;2
11;41;9372;496;907;245;2
10;46;9341;556;568;218;2
7;59;9375;1182;462;302;2
8;23;9401;574;95;250;2
10;59;9492;796;257;212;2
13;41;9391;365;637;169;2
7;39;9404;693;269;286;2
14;51;9351;873;560;220;2
13;58;9324;556;657;154;2
15;4;9404;1200;587;160;2
14;37;9488;347;108;182;2
16;25;9381;878;386;180;2
13;32;9388;1202;1072;360;2
7;45;9499;302;949;239;2
13;3;9337;606;192;151;2
12;6;9365;309;311;275;2
12;18;9385;520;946;171;2
9;32;9416;1493;858;353;2
9;4;9439;725;1095;223;2
16;37;9417;1296;253;181;2
11;4;9384;1048;1086;294;2
11;45;9448;839;520;178;2
12;59;9419;1386;807;225;2
12;33;9483;970;824;155;2
9;49;9436;366;972;244;2
8;4;9378;1376;657;209;2
7;38;9481;1682;560;317;2
15;12;9300;437;911;253;2
13;7;9425;1595;656;157;2
13;56;9445;874;870;241;2
14;55;9396;381;355;155;2
14;55;9330;1217;137;263;2
12;60;9452;898;123;178;2
11;38;9480;1625;891;266;2
14;8;9421;928;184;220;2
14;38;9465;776;710;252;2
16;9;9355;647;511;301;2
10;22;9439;1570;179;269;2
8;12;9338;1045;924;305;2
14;21;9312;668;152;340;2
11;8;9373;757;394;246;2
8;23;9435;960;1150;174;2
10;21;9393;671;267;358;2
13;4;9327;378;782;180;2
9;15;9342;930;1031;160;2
16;52;9391;1288;329;269;2
7;9;9392;549;737;176;2
9;32;9415;465;1059;161;2
8;0;9323;972;199;260;2
14;51;9453;677;1097;258;2
15;9;9311;1372;254;362;2
13;57;9465;498;845;202;2
13;27;9423;1535;1001;178;2
10;1;9421;666;1047;352;2
13;22;9405;1465;1081;341;2
7;12;9485;1641;619;290;2
8;7;9431;1402;535;204;2
15;0;9396;1189;493;185;2
9;33;9403;1493;726;291;2
16;5;9377;613;375;186;2
15;44;9490;749;1016;267;2
13;19;9360;1017;94;280;2
10;13;9400;549;93;335;2
14;0;9439;574;112;348;2
9;0;9342;677;678;309;2
10;44;9389;310;959;295;2
7;42;9455;800;617;337;2
10;27;9481;1347;551;194;2
12;58;9483;1471;331;184;2
16;39;9312;1078;337;228;2
7;9;9407;853;1195;329;2
8;46;9478;1431;618;195;2
11;21;9480;732;249;151;2
14;55;9396;581;517;196;2
7;51;9317;1017;1067;305;2
13;22;9427;1228;1011;169;2
9;40;9392;1280;856;306;2
12;12;9309;1407;1049;349;2
14;13;9383;1389;126;221;2
14;29;9365;1482;528;305;2
9;6;9415;1069;899;309;2
13;55;9365;1556;726;156;2
11;56;9355;1456;96;241;2
16;40;9400;353;268;269;2
15;6;9447;353;116;342;2
8;18;9410;567;72;184;2
16;30;9453;495;303;201;2
9;16;9480;695;855;360;2
12;13;9362;1492;598;304;2
13;25;9409;946;88;357;2
11;24;9339;554;544;215;2
13;54;9495;542;976;320;2
8;48;9495;601;191;359;2
16;45;9453;1232;1137;173;2
15;27;9474;675;599;177;2
10;25;9414;542;511;308;2
12;30;9489;1607;557;205;2
11;7;9339;1026;1197;346;2
16;38;9417;1466;615;212;2
7;5;9462;1296;594;238;2
15;41;9317;1286;290;315;2
7;59;9431;555;245;173;2
10;8;9323;1218;572;294;2
16;17;9366;1158;1078;233;2
16;2;9430;1635;649;331;2
10;4;9332;639;117;339;2
16;21;9369;549;504;196;2
13;18;9437;1460;1193;175;2
11;34;9428;707;992;354;2
16;41;9486;828;417;195;2
13;26;9433;760;184;254;2
9;46;9331;1279;281;339;2
9;6;9395;1450;583;290;2
15;37;9433;773;1078;356;2
9;48;9390;920;415;194;2
15;1;9330;312;786;319;2
12;21;9445;1439;1176;318;2
12;17;9385;1104;1102;355;2
13;5;9498;705;660;181;2
10;11;9312;891;892;323;2
8;60;9476;1605;323;159;2
7;32;9392;1508;792;321;2
11;55;9325;1488;675;188;2
9;13;9438;1509;1051;296;2
12;0;9462;832;1124;310;2
7;55;9399;1680;337;287;2
12;20;9328;548;1003;229;2
10;9;9462;592;155;175;2
14;38;9418;683;674;282;2
12;40;9463;1001;727;362;2
12;32;9371;800;144;191;2
8;24;9300;305;168;218;2
10;59;9363;1449;317;218;2
14;17;9380;1502;964;157;2
10;55;9335;1649;191;339;2
11;40;9304;345;1078;177;2
12;49;9400;1098;497;363;2
8;42;9439;932;113;251;2
7;29;9395;1384;410;220;2
12;1;9335;1555;651;221;2
16;56;9384;418;732;318;2
10;38;9349;720;470;302;2
13;15;9372;1194;776;340;2
10;34;9315;416;1044;208;2
15;37;9420;984;522;231;2
14;55;9494;1258;392;311;2
14;13;9334;586;979;322;2
8;49;9378;549;174;232;2
9;51;9328;1602;184;164;2
12;11;9408;1324;177;289;2
10;23;9435;1044;143;318;2
14;35;9433;1508;896;225;2
15;29;9434;410;946;164;2
9;56;9426;1657;876;232;2
14;30;9477;1216;985;252;2
13;26;9438;603;396;252;2
7;1;9429;354;773;191;2
12;26;9420;1129;347;247;2
10;46;9378;772;86;219;2
15;49;9391;1538;260;363;2
7;55;9423;1212;521;253;2
10;20;9308;1627;246;294;2
15;18;9495;1566;602;158;2
15;59;9338;1611;650;166;2
13;0;9377;705;457;350;2
14;15;9430;903;1144;341;2
11;14;9303;1622;748;355;2
14;49;9458;332;735;231;2
10;15;9316;1130;143;207;2
11;17;9316;934;450;346;2
10;38;9379;544;906;249;2
11;50;9303;360;1116;179;2
11;30;9387;792;155;213;2
7;4;9308;906;96;311;2
16;35;9373;757;494;298;2
14;59;9401;648;1071;264;2
11;27;9394;927;612;364;2
15;43;9372;1459;288;357;2
7;19;9370;1638;71;304;2
9;2;9362;902;1013;270;2
10;52;9434;1169;890;304;2
14;59;9404;785;330;362;2
9;14;9325;758;1029;169;2
9;18;9306;1671;529;296;2
13;15;9370;890;663;237;2
15;24;9381;1082;197;208;2
14;20;9307;1477;1061;249;2
14;59;9404;956;301;290;2
11;28;9441;624;594;338;2
8;28;9373;878;279;193;2
14;4;9458;1184;540;324;2
16;1;9471;1570;839;167;2
16;15;9405;1165;98;316;2
14;24;9375;1206;1103;281;2
7;57;9495;679;120;342;2
8;7;9464;811;247;294;2
7;37;9375;1503;713;335;2
16;20;9431;1474;253;291;2
13;35;9445;468;749;234;2
7;43;9429;1111;533;306;2
10;35;9416;1317;130;153;2
16;45;9372;1171;381;298;2
9;22;9360;1424;933;308;2
11;12;9429;1272;704;323;2
11;23;9436;1307;1072;337;2
14;16;9320;946;376;288;2
12;39;9316;1679;337;163;2
14;50;9360;824;434;340;2
10;41;9337;1260;1187;293;2
10;10;9463;1401;362;323;2
9;12;9337;642;836;157;2
10;21;9431;772;339;258;2
16;21;9481;1091;745;323;2
11;8;9405;1415;1142;235;2
7;11;9373;820;1143;287;2
8;53;9474;550;374;337;2
8;19;9341;1072;851;279;2
11;39;9323;1364;655;282;2
12;13;9427;569;273;212;2
13;19;9402;1239;482;277;2
14;7;9313;331;921;166;2
10;0;9306;515;885;347;2
12;5;9365;1572;273;271;2
15;10;9370;336;1086;220;2
16;9;9319;1594;626;360;2
11;44;9488;1627;682;331;2
11;6;9415;828;1137;287;2
11;10;9304;1139;628;233;2
14;55;9487;382;846;359;2
13;51;9486;848;1111;288;2
15;37;9356;754;763;284;2
12;13;9319;678;288;321;2
7;44;9438;347;169;342;2
8;7;9460;1361;296;216;2
16;34;9338;1695;795;152;2
15;37;9366;889;170;221;2
9;3;9469;530;756;268;2
13;32;9326;940;397;174;2
13;48;9375;510;1058;192;2
9;25;9341;893;89;320;2
7;20;9368;590;942;330;2
14;38;9430;476;342;302;2
13;19;9339;1673;812;349;2
10;55;9368;528;400;177;2
13;45;9484;658;1013;265;2
8;20;9305;1226;845;180;2
14;57;9304;969;220;354;2
15;39;9408;1561;1106;208;2
15;30;9367;1426;967;333;2
14;6;9430;1653;282;279;2
13;4;9370;859;1064;365;2
11;21;9348;779;324;331;2
7;31;9407;671;239;292;2
9;17;9495;1154;110;334;2
10;29;9403;1283;189;320;2
9;43;9486;673;659;166;2
16;27;9414;1222;139;176;2
7;10;9345;513;892;253;2
12;17;9318;1697;76;343;2
9;60;9498;898;171;215;2
10;46;9338;739;136;184;2
8;23;9441;327;127;215;2
13;40;9353;600;305;358;2
13;4;9416;516;704;238;2
15;18;9390;686;1140;182;2
7;49;9451;550;126;224;2
16;57;9492;1025;543;167;2
7;17;9497;1538;410;287;2
8;59;9442;1385;1062;228;2
11;45;9433;875;1099;251;2
8;0;9341;925;974;210;2
13;41;9457;1429;212;328;2
9;9;9355;850;118;327;2
14;33;9376;562;710;313;2
10;49;9329;1495;720;300;2
13;18;9486;1198;288;279;2
15;1;9336;1340;722;159;2
11;12;9476;547;683;192;2
16;11;9402;1267;107;351;2
11;55;9423;909;254;301;2
16;17;9499;301;696;185;2
12;49;9475;1372;1069;157;2
12;19;9308;1442;954;228;2
7;33;9461;887;624;172;2
14;27;9355;1145;761;351;2
15;19;9365;388;852;333;2
14;27;9405;1197;1030;319;2
11;27;9414;500;1176;331;2
8;6;9395;1045;520;273;2
8;36;9354;377;137;152;2
12;22;9301;671;702;363;2
9;15;9390;585;1077;274;2
12;1;9488;463;740;297;2
16;35;9366;783;967;187;2
12;52;9460;1132;525;189;2
10;10;9374;1467;916;227;2
16;44;9489;849;874;289;2
10;20;9350;1286;665;339;2
14;28;9492;615;580;318;2
7;22;9351;816;125;313;2
15;5;9473;900;868;209;2
14;48;9304;951;136;181;2
8;18;9349;976;428;275;2
15;14;9354;470;292;317;2
16;32;9383;1297;890;187;2
15;23;9375;865;962;209;2
14;36;9495;533;1081;235;2
13;28;9354;1579;1066;339;2
10;55;9346;690;314;232;2
13;34;9371;763;687;199;2
7;54;9496;770;864;259;2
9;58;9410;1230;919;285;2
16;18;9357;861;433;175;2
7;42;9482;518;625;235;2
16;22;9390;566;987;233;2
11;48;9423;1557;501;160;2
14;23;9326;340;69;199;2
9;16;9410;963;1133;202;2
11;3;9359;1277;431;265;2
15;4;9477;817;438;190;2
9;24;9426;648;184;345;2
12;26;9459;1303;464;365;2
11;55;9303;1313;81;157;2
10;25;9348;527;260;150;2
8;36;9477;1396;277;252;2
16;6;9489;810;198;266;2
12;49;9446;1314;892;229;2
12;1;9487;925;305;186;2
7;56;9500;394;813;256;2
15;26;9352;1169;742;326;2
8;33;9302;1193;720;277;2
16;29;9380;793;68;264;2
12;0;9433;852;524;151;2
10;43;9413;604;490;156;2
10;53;9482;1646;953;215;2
10;46;9360;1635;363;162;2
13;5;9464;825;1057;194;2
14;43;9356;931;889;361;2
14;1;9350;485;819;204;2
7;34;9359;714;922;234;2
8;41;9449;380;1141;166;2
12;16;9401;415;78;201;2
7;37;9450;958;808;263;2
8;57;9303;834;901;181;2
16;37;9340;346;391;176;2
13;18;9474;307;442;329;2
14;0;9451;1407;748;178;2
11;40;9310;1223;827;334;2
8;38;9436;750;910;362;2
14;59;9475;1328;470;216;2
13;41;9359;1054;569;168;2
16;22;9356;866;528;151;2
11;44;9374;1649;1024;232;2
11;21;9465;1500;915;285;2
11;31;9416;1257;1073;152;2
13;29;9441;1400;866;321;2
16;58;9466;1003;802;277;2
14;19;9394;489;467;153;2
7;51;9386;465;693;355;2
10;6;9328;1593;388;351;2
7;0;9402;1357;953;339;2
12;17;9411;730;1121;266;2
16;53;9361;847;391;175;2
14;5;9390;896;1027;182;2
12;26;9491;562;952;184;2
11;8;9395;1613;216;267;2
11;48;9360;599;697;170;2
15;45;9498;553;211;284;2
11;31;9500;315;498;302;2
14;3;9352;1222;615;326;2
11;27;9311;535;397;275;2
15;20;9360;408;572;190;2
8;50;9307;1368;1106;299;2
11;6;9415;367;363;165;2
11;42;9302;1330;76;230;2
7;34;9363;834;1140;254;2
13;53;9490;1598;621;280;2
16;14;9373;1494;257;284;2
16;6;9383;1599;247;150;2
8;14;9424;637;234;266;2
16;11;9468;1033;521;169;2
11;36;9369;1125;535;219;2
11;18;9487;1205;220;180;2
9;39;9334;800;342;353;2
11;20;9472;1072;1168;280;2
15;53;9464;325;105;268;2
13;3;9409;1387;116;166;2
7;5;9448;925;397;253;2
8;18;9357;1240;556;227;2
12;31;9407;627;963;202;2
16;53;9489;1680;143;186;2
8;52;9308;929;1009;277;2
10;55;9498;987;448;320;2
15;2;9462;786;621;194;2
15;48;9486;1294;244;297;2
12;20;9390;722;732;180;2
10;56;9307;1212;1115;302;2
14;7;9389;1570;416;207;2
15;22;9330;1313;1064;210;2
15;19;9449;317;1147;198;2
9;26;9402;608;826;203;2
7;40;9303;1690;716;342;2
14;56;9475;1487;1144;348;2
11;59;9320;352;147;350;2
16;0;9354;598;706;305;2
10;3;9500;1571;486;177;2
14;6;9485;1143;247;193;2
14;42;9469;795;705;236;2
9;38;9319;1640;715;213;2
10;52;9405;469;769;358;2
7;51;9429;633;297;307;2
10;2;9324;753;308;252;2
12;26;9301;1118;685;281;2
15;29;9308;858;1165;295;2
8;60;9461;738;826;311;2
10;48;9342;497;434;256;2
7;50;9304;987;442;336;2
15;58;9354;785;77;247;2
10;22;9408;1585;309;259;2
10;2;9365;912;596;341;2
7;28;9346;1051;1067;334;2
7;25;9449;451;114;245;2
14;7;9394;830;139;255;2
15;0;9320;1661;95;308;2
12;47;9454;1614;697;169;2
12;54;9324;1501;547;307;2
16;53;9439;665;830;172;2
11;29;9314;1404;871;335;2
8;26;9377;819;1004;218;2
14;58;9423;1096;1039;285;2
13;2;9322;652;111;193;2
13;38;9330;884;907;323;2
7;2;9318;415;486;154;2
16;25;9310;1514;242;185;2
12;21;9331;343;617;328;2
9;5;9303;387;875;277;2
13;42;9485;951;584;226;2
8;28;9487;644;1081;239;2
8;40;9395;568;564;270;2
14;45;9450;1204;1081;357;2
12;12;9415;716;341;238;2
7;14;9302;624;901;200;2
8;32;9412;1231;1079;169;2
13;24;9316;1443;646;343;2
13;34;9438;1436;161;240;2
13;39;9303;659;829;252;2
8;30;9343;1671;1068;185;2
13;34;9353;705;752;159;2
12;56;9403;399;1115;221;2
12;14;9387;856;99;231;2
14;13;9435;711;807;168;2
14;5;9318;761;550;199;2
12;18;9430;1451;547;324;2
16;20;9463;593;915;338;2
11;2;9459;1539;891;306;2
9;19;9454;885;1147;209;2
9;33;9348;1377;1112;308;2
14;10;9420;512;199;256;2
13;8;9402;1245;1085;268;2
14;11;9458;742;411;251;2
8;24;9439;1255;454;152;2
12;41;9327;968;601;198;2
16;21;9388;1244;1112;237;2
15;38;9327;540;610;299;2
11;48;9470;1335;79;349;2
11;13;9318;965;296;349;2
8;36;9442;596;200;236;2
8;21;9481;1364;1141;253;2
14;29;9370;1073;727;296;2
12;32;9367;440;667;236;2
9;39;9459;818;73;362;2
9;35;9443;378;869;205;2
11;5;9492;719;431;159;2
10;8;9472;310;136;198;2
8;25;9362;1654;389;312;2
10;16;9321;1349;772;282;2
12;37;9357;1271;251;204;2
16;12;9400;609;765;348;2
7;38;9332;376;766;233;2
9;25;9456;1633;475;249;2
9;44;9419;1159;1103;317;2
10;18;9500;1272;792;291;2
10;46;9391;1128;939;253;2
15;45;9301;854;515;192;2
9;20;9325;1023;760;266;2
13;36;9350;306;1124;365;2
8;31;9494;1394;273;241;2
7;3;9399;1552;105;178;2
8;27;9490;1626;287;233;2
14;33;9307;1160;590;242;2
9;15;9377;1673;181;311;2
10;58;9306;1422;213;195;2
13;58;9434;1601;1042;186;2
10;8;9402;1199;107;261;2
12;14;9343;1584;345;288;2
7;27;9483;1117;946;177;2
13;44;9324;1002;970;284;2
16;13;9474;315;586;297;2
11;46;9338;1589;1103;310;2
8;19;9364;1632;223;247;2
11;21;9362;1280;212;255;2
16;7;9423;604;347;292;2
16;15;9488;612;1143;181;2
10;55;9334;427;1138;162;2
14;34;9387;436;872;209;2
9;41;9446;427;1055;151;2
14;40;9344;895;819;206;2
13;32;9441;399;814;287;2
13;38;9316;837;1039;237;2
7;29;9356;751;335;169;2
13;7;9357;680;443;358;2
15;39;9480;1555;132;198;2
14;55;9442;874;953;234;2
7;48;9498;579;521;285;2
10;60;9349;1669;1199;305;2
7;12;9331;313;183;159;2
14;51;9386;996;995;219;2
14;11;9381;1676;836;271;2
9;27;9371;1606;964;163;2
15;43;9460;1606;119;196;2
14;23;9398;1217;757;181;2
7;32;9443;1521;805;296;2
15;41;9318;1076;611;344;2
14;2;9353;369;605;254;2
14;43;9411;559;409;198;2
9;21;9334;587;1177;284;2
15;17;9380;1054;579;299;2
14;26;9382;349;1135;154;2
9;11;9451;1490;1015;300;2
9;30;9496;1336;542;289;2
15;39;9344;528;391;264;2
15;1;9395;669;759;165;2
15;50;9366;603;427;257;2
14;48;9444;562;450;350;2
15;26;9318;891;152;205;2
13;8;9444;659;145;314;2
7;6;9478;1303;1107;251;2
13;35;9328;669;202;261;2
11;18;9375;1673;779;177;2
9;52;9373;1431;468;256;2
16;58;9426;1078;388;239;2
9;41;9340;1484;950;319;2
11;42;9474;1354;227;318;2
9;8;9459;569;1114;326;2
11;38;9435;1203;119;253;2
12;33;9330;804;178;292;2
9;24;9448;889;519;192;2
8;53;9424;610;605;255;2
16;14;9396;1175;966;341;2
8;26;9424;891;903;226;2
8;25;9347;704;321;158;2
11;54;9462;941;738;162;2
13;34;9380;768;458;251;2
8;32;9439;1095;592;213;2
16;47;9403;399;522;170;2
9;37;9345;1097;140;317;2
9;54;9338;1273;459;320;2
14;37;9401;1677;328;314;2
10;17;9351;783;659;295;2
10;12;9485;412;1163;358;2
15;26;9414;703;1124;176;2
14;11;9369;1474;1033;312;2
16;26;9499;337;227;248;2
13;25;9454;1324;1039;206;2
7;46;9312;897;450;340;2
11;0;9391;528;680;334;2
7;50;9313;779;752;358;2
10;11;9459;578;1188;320;2
7;55;9382;431;1078;258;2
8;44;9396;458;565;249;2
15;17;9477;677;612;333;2
7;22;9471;369;590;308;2
12;5;9344;922;303;302;2
8;27;9357;1061;1001;233;2
8;43;9305;912;1070;290;2
8;1;9364;671;632;253;2
14;19;9300;670;234;344;2
10;54;9489;1135;920;259;2
9;31;9432;1163;116;267;2
10;34;9444;998;367;157;2
11;13;9313;458;1076;170;2
7;0;9465;477;302;294;2
7;57;9312;1438;851;301;2
10;16;9321;1647;580;267;2
16;1;9442;1287;562;194;2
9;20;9321;1107;1194;218;2
10;55;9304;990;962;275;2
13;12;9429;1515;910;246;2
10;6;9303;1267;506;269;2
10;5;9464;1410;697;265;2
9;24;9465;1023;1015;224;2
12;8;9455;1585;1196;321;2
8;4;9313;1370;613;328;2
8;15;9414;966;523;357;2
14;8;9336;307;531;176;2
14;59;9435;497;1150;325;2
7;0;9419;1664;568;316;2
16;13;9347;682;805;169;2
8;12;9425;1041;1152;162;2
9;39;9326;1574;979;361;2
9;43;9423;791;681;172;2
8;47;9326;300;180;332;2
15;23;9426;1076;183;297;2
14;31;9316;1360;153;277;2
0;149;9429;1339;43;82;3
11;109;9305;722;92;140;3
4;0;9469;1409;45;119;3
19;89;9416;986;76;137;3
24;33;9346;986;78;134;3
12;147;9410;919;77;105;3
23;85;9445;1361;24;109;3
24;113;9334;1049;94;125;3
1;25;9336;1128;96;115;3
3;52;9499;1459;99;125;3
7;105;9411;1065;95;118;3
25;114;9488;1378;24;104;3
25;87;9433;1199;110;61;3
19;80;9487;1068;28;93;3
24;42;9449;783;105;97;3
12;174;9405;1314;99;140;3
24;30;9436;1174;72;97;3
9;179;9304;1566;72;95;3
7;142;9362;1709;65;54;3
5;120;9500;1670;50;90;3
0;41;9343;1078;44;135;3
22;41;9407;1150;90;114;3
19;82;9410;1702;93;124;3
18;173;9444;1526;47;139;3
21;152;9426;1727;75;96;3
9;101;9386;1180;78;133;3
10;109;9307;909;39;52;3
3;115;9405;721;68;70;3
4;4;9488;1075;27;140;3
17;163;9402;1184;50;132;3
0;46;9422;947;83;54;3
24;79;9306;1407;55;77;3
5;147;9301;1653;37;88;3
6;163;9384;1590;91;104;3
7;125;9305;1255;56;50;3
22;15;9395;1362;87;84;3
18;162;9413;866;67;130;3
0;2;9346;1688;72;75;3
20;130;9395;1100;106;61;3
3;81;9311;1359;92;90;3
17;126;9481;1047;59;77;3
2;122;9313;1186;105;88;3
9;68;9371;1757;58;123;3
13;152;9405;1185;51;114;3
6;61;9335;1528;96;73;3
19;82;9308;1240;103;83;3
1;56;9369;1299;61;105;3
17;70;9370;1088;76;104;3
8;118;9413;1095;50;106;3
0;13;9423;1459;91;128;3
15;175;9467;771;39;137;3
10;23;9498;993;107;99;3
12;42;9362;1652;80;135;3
1;19;9472;1686;101;96;3
9;160;9361;1754;96;85;3
6;69;9388;783;97;57;3
0;82;9379;1548;104;61;3
16;179;9323;1337;60;56;3
14;106;9469;1500;58;85;3
16;101;9403;1366;59;135;3
23;40;9354;705;56;62;3
6;24;9436;778;76;107;3
22;100;9433;981;96;57;3
21;15;9303;1420;64;123;3
11;28;9450;1774;26;111;3
1;110;9355;1670;99;66;3
10;38;9475;1186;99;66;3
16;71;9483;1257;26;119;3
24;29;9329;1575;74;88;3
8;25;9342;763;98;60;3
11;58;9407;1024;87;128;3
14;101;9392;1712;95;60;3
1;0;9434;1136;40;82;3
17;73;9391;1018;93;96;3
7;57;9411;1045;86;73;3
8;134;9306;1504;54;63;3
0;113;9471;1720;82;94;3
16;88;9355;1231;51;63;3
1;138;9381;1349;35;132;3
8;129;9471;1416;92;113;3
17;14;9357;1177;57;83;3
13;71;9445;1471;88;91;3
3;85;9345;1636;96;115;3
25;105;9312;1404;85;101;3
15;61;9337;748;56;58;3
10;105;9470;1550;110;48;3
1;154;9402;1750;59;56;3
23;51;9393;1599;74;93;3
7;147;9349;1454;62;50;3
19;135;9383;1006;95;71;3
3;100;9323;898;26;53;3
18;136;9305;1123;57;87;3
18;58;9461;1097;49;73;3
8;7;9398;910;53;123;3
23;165;9445;1136;88;66;3
16;130;9367;1546;95;88;3
15;135;9355;1381;35;140;3
14;146;9455;1096;63;138;3
0;86;9358;1714;66;150;3
18;150;9314;1095;59;94;3
25;72;9378;787;26;127;3
2;159;9305;1653;67;71;3
6;164;9456;832;83;71;3
5;46;9303;1246;89;63;3
6;114;9416;1184;51;130;3
22;103;9305;1136;102;106;3
17;113;9409;923;54;80;3
19;99;9342;1680;41;120;3
11;103;9460;987;31;77;3
16;2;9326;1568;43;122;3
7;34;9463;1529;78;80;3
15;46;9473;796;106;97;3
11;133;9464;816;67;91;3
22;10;9411;1196;59;71;3
21;117;9456;882;67;88;3
13;120;9332;1183;92;97;3
2;54;9480;1392;92;119;3
5;157;9378;1127;43;110;3
11;140;9435;1658;30;118;3
23;167;9446;1497;67;132;3
2;134;9493;1648;41;78;3
5;79;9317;1386;66;96;3
2;74;9487;763;73;140;3
7;139;9360;1449;71;71;3
16;97;9424;754;68;93;3
14;51;9339;1080;24;59;3
3;116;9438;1333;104;71;3
6;56;9422;1175;22;95;3
3;12;9351;1189;78;101;3
8;93;9484;1540;32;97;3
17;6;9346;1234;36;90;3
22;47;9471;1259;54;128;3
6;178;9337;729;108;66;3
8;152;9341;1335;72;64;3
0;15;9423;901;98;68;3
19;5;9339;1592;108;90;3
24;108;9310;755;92;70;3
0;139;9438;1298;44;49;3
7;8;9377;886;71;60;3
10;110;9353;1341;41;96;3
8;157;9404;1372;24;74;3
16;33;9370;1369;23;125;3
10;44;9486;896;66;74;3
21;43;9367;846;53;47;3
11;92;9313;1012;61;91;3
24;78;9318;1411;55;63;3
13;114;9452;1145;100;121;3
15;158;9411;1488;91;47;3
10;142;9359;1368;22;103;3
4;36;9424;1155;28;124;3
4;133;9351;1100;40;127;3
4;172;9328;1245;106;90;3
9;77;9350;1554;85;93;3
13;106;9444;1031;38;129;3
11;12;9488;1759;89;137;3
13;120;9450;1373;31;95;3
2;40;9381;1095;70;57;3
24;14;9343;1640;94;91;3
20;41;9452;1172;25;54;3
13;112;9420;719;103;75;3
12;141;9451;1179;37;93;3
13;107;9375;1024;102;132;3
9;21;9388;1521;25;107;3
8;141;9351;1295;93;128;3
18;151;9414;1436;56;118;3
3;15;9314;1267;102;129;3
14;89;9336;1035;23;86;3
25;180;9488;1583;89;90;3
7;161;9403;1274;77;117;3
13;152;9453;1431;31;155;3
15;175;9386;1409;20;115;3
20;102;9495;1570;54;107;3
5;158;9389;1005;76;113;3
6;83;9354;1472;38;116;3
7;113;9372;1708;93;104;3
17;102;9363;1071;36;73;3
3;38;9467;1062;81;99;3
10;88;9389;1642;25;87;3
1;44;9482;908;86;59;3
18;108;9480;1680;33;102;3
8;8;9442;977;93;84;3
24;83;9371;1110;99;54;3
6;33;9404;740;42;103;3
11;85;9332;1262;22;117;3
13;99;9430;1730;55;136;3
10;61;9426;1045;28;95;3
16;114;9438;707;74;118;3
3;10;9472;769;31;78;3
2;49;9451;1276;97;74;3
8;128;9419;1764;109;75;3
7;102;9448;1729;92;107;3
3;33;9343;1601;74;95;3
14;165;9363;755;22;65;3
12;105;9394;1440;36;80;3
10;128;9315;1374;108;86;3
23;149;9386;980;83;72;3
4;4;9339;739;82;101;3
17;127;9431;911;21;80;3
24;16;9476;1719;35;118;3
21;127;9322;1206;55;118;3
23;29;9459;1470;26;120;3
8;0;9488;1685;42;123;3
5;54;9329;1236;84;133;3
3;100;9373;757;101;104;3
4;75;9362;1748;68;60;3
1;116;9354;814;41;116;3
19;60;9489;802;101;139;3
20;136;9497;790;41;94;3
7;137;9497;1270;23;66;3
16;153;9483;1310;87;121;3
9;148;9438;881;103;132;3
7;123;9309;1255;26;138;3
15;157;9397;1634;83;51;3
19;91;9434;1107;93;129;3
21;116;9336;1780;79;56;3
10;42;9468;1300;101;105;3
19;90;9330;1614;68;96;3
3;136;9331;1798;60;100;3
3;13;9470;728;32;100;3
24;130;9451;752;55;94;3
22;36;9450;1739;55;76;3
14;173;9406;1214;89;104;3
12;133;9386;957;101;79;3
15;31;9421;895;87;114;3
19;10;9397;703;81;131;3
22;1;9475;1271;23;48;3
0;17;9445;1538;34;121;3
3;28;9481;702;56;120;3
17;109;9454;1671;68;53;3
1;89;9500;1108;104;79;3
2;82;9396;1434;52;105;3
20;105;9320;787;61;71;3
20;98;9416;1337;86;51;3
9;68;9307;919;96;103;3
7;155;9416;1607;37;70;3
16;10;9315;796;53;98;3
23;113;9386;792;25;123;3
19;76;9358;883;30;93;3
16;148;9420;884;97;53;3
12;98;9315;1230;47;71;3
21;11;9423;1624;44;46;3
1;71;9421;1178;39;46;3
1;87;9310;1432;62;95;3
4;146;9386;1660;43;91;3
13;125;9362;825;100;65;3
21;167;9492;1230;29;133;3
5;13;9382;803;55;105;3
21;66;9382;1394;78;116;3
11;147;9325;1080;24;97;3
18;161;9376;984;24;139;3
10;50;9409;1489;29;81;3
18;138;9430;1111;96;78;3
3;33;9476;995;66;93;3
21;12;9397;1426;42;132;3
24;147;9446;922;25;52;3
19;117;9464;1457;26;60;3
20;85;9313;1334;25;50;3
22;96;9317;776;91;55;3
5;15;9367;1593;98;53;3
8;44;9392;944;104;120;3
25;27;9462;1360;91;62;3
25;145;9308;1517;29;98;3
17;84;9495;963;71;136;3
2;138;9462;857;78;140;3
6;78;9304;1484;92;128;3
23;135;9490;1069;43;114;3
24;20;9306;1081;83;101;3
22;6;9479;1180;97;136;3
16;103;9417;786;56;91;3
6;8;9360;1306;52;127;3
18;142;9359;1684;76;137;3
12;95;9496;738;68;83;3
17;37;9460;1357;81;79;3
19;31;9412;1426;87;91;3
8;3;9446;1576;98;139;3
14;150;9415;998;55;51;3
1;13;9348;1150;83;123;3
8;154;9450;1157;84;93;3
9;139;9468;905;59;92;3
7;33;9481;713;48;137;3
20;21;9479;1791;29;120;3
14;140;9312;1432;55;55;3
8;150;9433;1340;48;71;3
20;145;9487;1269;21;126;3
22;115;9330;1190;62;54;3
11;171;9397;1172;84;87;3
15;93;9437;789;38;77;3
8;155;9429;1076;105;67;3
17;76;9437;1428;78;82;3
22;70;9447;1608;28;116;3
24;15;9471;1583;47;89;3
22;21;9318;1547;67;75;3
11;61;9377;1265;57;49;3
9;105;9411;1323;95;83;3
25;79;9364;737;49;85;3
18;35;9424;1346;106;128;3
18;156;9316;1671;105;82;3
25;50;9448;1766;52;87;3
12;82;9301;902;29;102;3
0;53;9401;812;35;62;3
22;157;9485;1177;76;96;3
12;152;9385;874;30;58;3
0;158;9320;1151;107;68;3
19;106;9366;752;81;123;3
17;159;9479;1594;48;87;3
19;98;9434;1536;26;87;3
17;176;9493;1563;55;56;3
15;153;9427;1496;97;48;3
0;36;9454;1532;87;60;3
22;133;9360;982;23;120;3
4;130;9480;1153;47;65;3
24;134;9454;1551;103;80;3
13;2;9460;1071;100;69;3
0;106;9424;750;88;61;3
2;117;9438;1063;108;90;3
3;52;9336;1002;40;99;3
4;125;9366;1307;101;120;3
15;138;9351;819;82;63;3
12;91;9365;977;78;46;3
1;84;9337;1692;42;49;3
15;61;9350;1689;82;125;3
9;97;9494;1096;49;49;3
14;148;9468;1168;100;128;3
10;73;9311;1206;33;54;3
14;173;9496;1062;21;111;3
20;93;9307;1338;60;91;3
23;52;9305;1208;89;108;3
16;112;9328;1061;84;72;3
23;176;9479;1274;53;67;3
4;69;9364;897;38;120;3
20;158;9307;1247;95;79;3
16;156;9374;1576;89;64;3
3;99;9458;1723;21;57;3
21;35;9447;835;83;102;3
13;105;9369;1424;31;49;3
1;167;9355;936;92;138;3
3;126;9445;866;77;125;3
15;54;9432;892;107;90;3
13;70;9375;1750;103;59;3
4;141;9338;1222;70;49;3
17;84;9489;1518;40;100;3
15;78;9443;1619;107;95;3
6;91;9302;817;22;74;3
7;135;9317;1357;31;56;3
7;11;9500;1739;68;140;3
12;16;9344;1603;107;46;3
16;178;9396;1357;81;137;3
25;60;9306;1783;20;83;3
8;51;9454;1072;85;118;3
25;25;9448;1511;88;80;3
17;6;9399;1074;33;59;3
24;160;9340;1356;66;88;3
7;142;9443;1794;110;62;3
22;16;9306;1407;101;63;3
22;137;9320;1361;42;120;3
14;41;9367;919;63;61;3
8;46;9364;853;26;73;3
3;109;9438;1415;44;123;3
19;96;9421;1148;20;64;3
15;51;9459;861;34;127;3
16;103;9499;1118;60;53;3
3;67;9483;1183;62;115;3
25;124;9330;1224;57;107;3
6;179;9424;1388;89;71;3
25;82;9448;1175;36;59;3
20;40;9435;907;23;124;3
9;72;9313;1594;89;88;3
17;123;9300;1407;65;121;3
23;67;9404;968;73;67;3
20;103;9333;959;35;49;3
5;16;9472;1606;73;59;3
7;74;9413;1184;61;134;3
20;14;9364;1468;39;74;3
4;85;9377;838;72;131;3
17;29;9351;1475;59;48;3
14;170;9312;1373;58;117;3
25;71;9333;707;41;67;3
22;116;9360;816;84;78;3
10;134;9438;829;107;48;3
9;27;9364;1272;59;89;3
0;7;9355;983;54;81;3
22;143;9497;833;24;86;3
11;168;9491;1693;98;130;3
1;52;9418;704;42;85;3
1;102;9303;1534;107;65;3
6;69;9339;1487;43;62;3
19;103;9358;853;32;72;3
22;80;9431;1556;38;103;3
20;143;9381;832;53;106;3
2;130;9360;1631;59;105;3
18;0;9336;915;86;93;3
13;141;9334;1211;100;75;3
19;75;9300;1669;29;55;3
24;82;9494;1774;102;138;3
21;136;9421;1518;52;84;3
1;69;9493;1667;69;130;3
0;17;9385;1132;26;57;3
3;155;9456;964;69;129;3
21;42;9355;875;46;114;3
6;175;9434;1507;66;81;3
7;45;9423;995;24;84;3
22;117;9429;1557;52;114;3
13;57;9351;720;86;86;3
14;159;9451;853;40;72;3
11;107;9365;792;62;119;3
8;17;9416;1533;36;78;3
10;63;9305;1724;79;84;3
5;26;9301;1567;99;111;3
8;62;9367;1598;73;114;3
2;45;9457;1703;79;98;3
4;179;9371;1496;42;62;3
16;91;9325;796;75;55;3
17;130;9409;974;76;86;3
17;148;9472;1053;78;124;3
19;155;9401;958;21;81;3
4;134;9464;791;29;83;3
5;15;9447;1373;64;48;3
1;165;9414;1583;40;82;3
6;32;9305;1717;31;101;3
10;77;9473;862;65;133;3
12;148;9432;1338;23;138;3
21;141;9486;817;88;133;3
2;78;9469;1290;24;118;3
18;153;9493;969;40;98;3
5;34;9433;1542;47;94;3
16;27;9374;1634;22;71;3
23;172;9497;1371;101;85;3
10;116;9411;1250;34;105;3
16;65;9406;1120;32;100;3
17;88;9432;789;39;128;3
0;147;9394;809;54;106;3
16;20;9305;1377;44;117;3
24;89;9391;1235;68;94;3
21;54;9430;1009;28;126;3
3;171;9334;1500;95;80;3
22;31;9327;1280;97;65;3
10;127;9450;1040;24;84;3
14;111;9322;1258;53;85;3
13;120;9375;712;96;59;3
11;60;9453;1430;36;118;3
5;75;9465;1404;76;61;3
0;157;9371;956;80;70;3
21;92;9480;1586;104;85;3
21;87;9302;1527;43;84;3
24;57;9398;1007;86;92;3
17;143;9461;1641;99;75;3
22;18;9493;1104;99;96;3
18;29;9420;774;33;52;3
23;142;9385;1648;42;70;3
20;92;9481;1296;26;117;3
17;133;9438;1426;102;61;3
18;9;9360;1528;42;93;3
10;84;9477;895;33;82;3
10;20;9439;1425;61;133;3
7;126;9327;1560;25;123;3
8;22;9466;1486;97;74;3
6;176;9357;1489;30;106;3
10;116;9365;1019;34;140;3
1;3;9384;1348;62;72;3
11;80;9393;1724;108;104;3
8;175;9333;736;85;59;3
15;112;9328;1143;22;109;3
14;138;9377;946;54;47;3
18;71;9457;1234;21;91;3
2;9;9373;1041;21;115;3
2;65;9326;1586;95;77;3
8;69;9456;1351;63;70;3
7;79;9459;1080;20;54;3
24;101;9330;958;98;68;3
22;57;9334;1084;63;51;3
10;5;9407;1232;92;126;3
1;53;9432;752;26;115;3
12;127;9414;1285;53;139;3
8;155;9358;769;41;125;3
3;4;9382;770;75;89;3
19;97;9473;1096;48;80;3
25;97;9474;1288;52;77;3
6;107;9343;1154;77;105;3
2;25;9450;1640;99;85;3
16;58;9443;1162;20;48;3
13;85;9465;1063;62;93;3
11;180;9449;1588;105;86;3
4;30;9425;943;34;82;3
7;175;9361;1793;69;120;3
4;48;9379;1276;107;68;3
25;92;9364;1242;42;118;3
17;120;9308;1749;77;82;3
23;38;9449;1343;93;47;3
19;162;9378;1081;104;96;3
2;13;9480;886;92;77;3
13;74;9450;940;82;94;3
6;107;9410;1153;38;48;3
11;100;9359;1369;106;74;3
6;70;9411;1526;90;138;3
3;174;9301;1115;93;128;3
4;58;9361;874;101;124;3
19;146;9408;1006;73;79;3
4;167;9414;845;28;93;3
6;61;9380;700;73;76;3
16;36;9434;962;85;88;3
9;17;3877;1216;1472;96;3
22;83;3941;1200;1968;54;3
24;170;3768;1763;1851;123;3
6;46;2907;1524;1545;95;3
20;77;3473;1206;1545;111;3
8;155;3449;1603;1185;68;3
15;48;2523;1101;1631;72;3
12;120;2653;1058;1498;112;3
11;9;2380;1301;929;121;3
24;20;3213;1428;788;53;3
0;45;3131;1938;762;137;3
19;143;2133;1621;2000;124;3
24;73;3564;1932;516;86;3
4;16;2692;1235;1586;103;3
7;29;3864;1761;1173;106;3
15;172;3636;1445;1130;109;3
14;177;3830;1555;1152;85;3
5;115;2914;1264;507;52;3
3;6;2663;1942;1558;136;3
19;80;3539;1103;1967;120;3
10;121;2834;1576;1791;47;3
11;141;2483;1696;1873;52;3
10;122;2310;1822;1288;66;3
24;132;3864;1776;1910;69;3
24;25;3354;1941;935;46;3
5;122;3470;1812;1686;134;3
25;36;2594;1979;1542;64;3
12;22;3304;1828;1239;125;3
5;171;2008;1259;710;99;3
0;25;2663;1811;903;118;3
6;58;3500;1421;1233;122;3
0;159;3291;1368;1901;139;3
2;46;3633;1113;1585;100;3
10;174;2735;1692;730;98;3
19;64;2159;1121;1646;115;3
8;177;2917;1294;1546;130;3
2;59;2258;1844;627;59;3
25;8;2725;1230;1508;97;3
7;26;2542;1570;1968;136;3
22;22;3894;1197;709;109;3
9;38;3485;1577;1853;96;3
19;124;3927;1120;1741;72;3
8;84;3026;1156;1540;94;3
25;54;3535;1682;1071;69;3
25;164;2470;1067;1043;46;3
10;7;2183;1109;1074;48;3
21;30;2761;1057;1988;125;3
7;139;3264;1944;1869;85;3
21;161;2125;1005;809;139;3
25;129;2689;1682;734;54;3
7;103;3747;1649;1421;139;3
18;44;2015;1566;1861;60;3
18;85;3157;1248;1394;48;3
21;36;3488;1350;1937;133;3
5;40;2886;1690;793;118;3
21;158;3833;1524;1707;81;3
22;16;3608;1819;1723;71;3
18;0;3970;1610;664;124;3
6;50;3768;1507;1010;55;3
6;154;2747;1579;1352;77;3
22;90;2467;1691;856;88;3
19;155;2991;1718;712;114;3
4;63;2789;1876;1392;112;3
10;149;3911;1186;928;133;3
12;150;3855;1423;882;116;3
13;175;2979;1168;1155;52;3
25;123;2611;1958;1269;47;3
11;14;2371;1903;685;74;3
15;47;3927;1708;740;127;3
23;29;2970;1123;1839;86;3
4;16;3890;1592;1576;65;3
25;58;2883;1081;1677;122;3
15;155;2090;1883;1181;125;3
25;81;3007;1064;736;105;3
17;129;3716;1390;588;112;3
15;43;3655;1805;1216;83;3
8;10;3036;1350;1287;86;3
19;66;2969;1231;1089;57;3
25;23;2406;1324;749;54;3
10;11;3773;1587;1187;90;3
15;169;3356;1999;949;51;3
17;7;3268;1133;1159;95;3
13;153;3528;1991;1233;90;3
15;32;3247;1000;538;111;3
21;131;3759;1520;1737;128;3
23;172;2296;1175;1866;85;3
17;127;3604;1872;1697;120;3
21;122;2435;1318;1388;90;3
21;78;2281;1298;1012;65;3
21;77;3562;1896;704;66;3
8;67;3771;1293;1418;65;3
23;23;3281;1466;1608;63;3
22;132;2963;1742;540;119;3
20;155;3158;1722;1919;63;3
15;123;3937;1394;1064;106;3
11;103;3474;1406;1495;105;3
17;44;3634;1714;982;103;3
18;18;3941;1827;1595;107;3
1;170;2304;1300;1019;125;3
6;70;3465;1145;957;134;3
5;156;3799;1704;1310;73;3
8;24;3956;1995;1819;47;3
20;163;3388;1387;1088;122;3
8;44;2927;1330;1307;68;3
7;75;3352;1882;972;117;3
6;82;3502;1612;1071;99;3
22;12;3121;1135;1209;86;3
18;147;2949;1567;671;127;3
9;131;3380;1905;1084;85;3
3;160;3433;1193;1124;69;3
20;45;3341;1459;1345;123;3
22;155;2119;1339;1301;87;3
3;38;2053;1632;803;130;3
22;66;2173;1627;641;99;3
18;93;3381;1017;1947;91;3
8;1;3107;1058;591;125;3
23;100;2649;1926;620;68;3
12;97;2916;1034;1008;96;3
17;172;3773;1027;1467;91;3
23;51;3975;1837;512;70;3
17;0;2176;1872;684;123;3
16;158;2993;1668;905;136;3
18;71;3339;1686;1456;137;3
24;32;2549;1433;708;135;3
20;88;2975;1830;627;108;3
6;44;2288;1765;622;112;3
4;76;3241;1614;1285;102;3
20;177;3562;1854;861;50;3
18;55;2117;1149;1081;57;3
22;161;2621;1723;661;76;3
0;3;2683;1368;1382;137;3
14;173;3320;1880;1169;127;3
0;116;3590;1071;812;128;3
11;122;2041;1024;1141;67;3
6;17;2941;1503;559;124;3
3;53;2587;1425;1527;116;3
23;169;3196;1559;860;55;3
12;150;2577;1157;1142;119;3
1;134;3002;1502;1610;54;3
3;88;3180;1135;1844;51;3
5;57;2649;1347;782;67;3
17;116;3047;1864;1979;107;3
1;20;3278;1710;787;110;3
25;166;3143;1317;1947;135;3
18;25;3292;1332;1353;79;3
12;59;3225;1493;986;89;3
18;93;3085;1821;1656;106;3
12;122;2520;1726;1400;56;3
24;13;2550;1586;1282;100;3
4;151;2529;1251;1610;138;3
5;164;2815;1664;1759;135;3
1;1;3317;1545;1956;122;3
9;127;3801;1990;528;91;3
15;84;3212;1775;582;128;3
7;166;3281;1740;1556;79;3
8;95;2134;1536;1410;63;3
23;50;3505;1643;1860;46;3
23;114;2577;1713;757;77;3
20;69;3556;1313;1631;137;3
13;2;3447;1329;1398;135;3
10;109;2326;1609;955;72;3
24;61;3627;1564;679;134;3
16;138;2485;1092;1933;78;3
24;106;3538;1152;1678;116;3
18;160;3318;1036;1459;69;3
5;167;3588;1119;742;127;3
14;21;2630;1038;922;129;3
6;122;3508;1868;1911;79;3
19;6;2678;1376;835;140;3
0;13;2149;1155;1356;90;3
2;6;3306;1482;1544;137;3
20;19;3617;1232;1539;115;3
21;89;3018;1173;768;100;3
4;20;2137;1425;1146;119;3
11;160;2129;1279;1070;83;3
4;127;3502;1200;647;134;3
6;86;2186;1077;1439;51;3
16;75;3773;1020;737;116;3
23;86;3193;1076;548;87;3
6;72;2679;1695;582;132;3
24;58;2577;1661;918;124;3
8;0;2420;1326;1084;86;3
6;165;3857;1791;1393;124;3
21;9;3525;1638;1054;55;3
11;102;2641;1318;1075;110;3
25;176;2244;1706;654;84;3
21;138;3527;1999;1180;72;3
4;170;3435;1694;844;77;3
9;57;3687;1306;938;60;3
21;145;2358;1429;1178;68;3
21;138;2783;1410;686;63;3
24;44;3746;1177;1842;88;3
0;53;2383;1382;1075;95;3
1;32;3491;1154;942;129;3
13;104;3781;1225;1222;63;3
2;72;2471;1080;1521;75;3
5;81;2277;1491;1803;85;3
17;155;2821;1076;1189;118;3
17;125;2594;1052;1103;128;3
9;83;3438;1955;1435;60;3
5;62;3846;1834;933;62;3
6;37;3650;1545;1574;58;3
9;170;2368;1672;1765;80;3
25;32;3973;1332;1362;122;3
20;142;2290;1391;1428;70;3
20;136;2306;1871;982;89;3
20;114;2011;1341;1944;126;3
12;123;3776;1066;580;72;3
5;78;3125;1899;1475;85;3
17;88;3231;1385;610;113;3
17;93;2858;1330;942;133;3
4;93;3949;1430;504;98;3
4;36;3701;1973;697;85;3
17;43;2333;1893;1090;54;3
17;140;2932;1895;1101;55;3
24;49;3230;1760;873;93;3
24;83;2074;1574;1601;115;3
23;80;3048;1498;1151;56;3
18;146;2875;1603;1325;97;3
4;121;2281;1678;671;60;3
23;42;3017;1562;964;125;3
5;144;3611;1398;836;62;3
0;30;3826;1509;599;94;3
0;37;2787;1068;619;108;3
6;75;2837;1475;1297;139;3
21;25;3080;1642;999;137;3
8;23;2910;1346;1397;56;3
0;65;2901;1782;1147;92;3
23;36;3982;1416;1591;127;3
2;0;3780;1630;1940;125;3
11;169;3261;1198;1986;78;3
11;103;2410;1605;927;67;3
6;3;3997;1051;841;128;3
5;73;2831;1202;1546;96;3
4;162;3651;1018;1419;95;3
13;141;2075;1332;1754;77;3
22;78;3888;1128;1506;47;3
0;160;3947;1982;923;105;3
8;135;3487;1548;799;95;3
4;124;2870;1270;1867;49;3
9;107;3981;1198;1361;104;3
14;87;2803;1797;1002;134;3
3;36;2436;1962;671;114;3
22;94;2562;1909;1278;72;3
11;125;2852;1305;882;67;3
5;147;3146;1916;1618;80;3
2;88;2316;1552;1649;106;3
1;3;2646;1309;758;140;3
21;30;3777;1759;1523;50;3
11;140;3368;1620;1180;116;3
24;57;3438;1638;1297;89;3
2;143;3563;1644;1603;89;3
5;43;2090;1323;585;97;3
9;5;2379;1069;1919;118;3
25;169;2204;1964;783;47;3
8;30;2895;1914;725;88;3
24;143;3486;1300;1265;123;3
24;36;2034;1911;562;122;3
18;151;3589;1560;522;123;3
15;45;2905;1283;1355;66;3
2;142;2845;1945;1237;103;3
9;20;2290;1484;1313;117;3
21;66;2225;1002;1344;60;3
10;28;2468;1434;513;131;3
1;167;2773;1583;1224;63;3
12;143;2237;1550;1946;128;3
5;68;3902;1642;599;137;3
3;1;3018;1517;1498;121;3
20;41;2649;1545;1847;104;3
11;99;2961;1369;1603;134;3
2;140;3061;1812;773;46;3
5;119;2315;1842;1220;98;3
10;152;2605;1494;1882;46;3
20;157;2672;1909;528;53;3
0;164;2364;1663;1094;51;3
18;180;3242;1043;842;77;3
8;31;2331;1254;1069;131;3
9;157;3731;1695;1131;51;3
6;78;2786;1031;1791;47;3
22;52;2254;1906;1657;102;3
22;117;2840;1086;1715;83;3
2;170;2203;1956;1284;111;3
4;116;2364;1149;764;113;3
6;100;2577;1478;983;122;3
22;168;3492;1056;1829;46;3
7;169;2353;1944;1189;101;3
13;115;2414;1109;588;133;3
7;124;3338;1087;837;82;3
13;41;3864;1128;1781;127;3
11;164;3449;1102;991;84;3
14;8;2379;1740;1146;66;3
24;139;3684;1620;950;53;3
19;179;2519;1682;1815;131;3
23;38;3146;1496;1251;99;3
9;151;3966;1079;1415;86;3
4;84;2184;1780;723;66;3
11;38;3397;1537;1270;112;3
10;52;2630;1941;1314;90;3
22;143;3578;1435;1036;93;3
23;48;2079;1208;737;65;3
5;0;3526;1346;1874;105;3
11;83;2721;1324;1521;61;3
3;37;2040;1491;988;106;3
13;31;3681;1882;607;97;3
17;68;2820;1361;1345;85;3
22;146;2292;1480;1983;132;3
3;34;2491;1725;654;52;3
1;70;2886;1141;1297;46;3
2;34;3948;1048;1711;89;3
4;52;3297;1332;1850;121;3
10;105;2335;1442;966;95;3
8;29;3703;1261;596;49;3
0;114;3699;1255;1840;109;3
0;89;2934;1372;1551;67;3
5;164;2751;1251;827;96;3
23;27;2368;1393;1910;140;3
12;38;2442;1752;1490;137;3
11;25;2525;1485;942;72;3
14;95;2034;1440;1013;109;3
24;44;2417;1038;765;126;3
7;127;2637;1231;1035;104;3
1;85;3016;1062;1350;96;3
5;124;2737;1709;788;111;3
18;80;3567;1753;575;61;3
19;46;3137;1320;1244;78;3
14;32;2254;1490;1406;68;3
9;14;3720;1710;1025;137;3
0;32;3447;1068;1928;81;3
18;140;3414;1820;1815;47;3
10;168;3946;1595;652;57;3
0;138;2311;1606;1731;139;3
23;92;3618;1857;1763;67;3
24;161;3468;1976;773;76;3
10;57;3691;1320;1622;140;3
21;109;2701;1474;724;105;3
22;17;3717;1961;788;50;3
12;30;2964;1661;1182;56;3
18;180;2483;1521;1944;88;3
21;82;3435;1111;1854;140;3
20;170;2104;1415;1120;119;3
1;27;2080;1476;1879;49;3
5;51;3020;1393;1403;96;3
21;111;2284;1330;1653;108;3
24;17;2984;1070;1942;110;3
9;28;2568;1917;1408;48;3
25;94;2325;1098;1174;84;3
10;125;3849;1214;888;48;3
13;156;2923;1668;1132;63;3
18;117;3277;1831;546;70;3
17;42;2236;1958;1703;107;3
13;43;3903;1377;1718;106;3
4;32;2771;1654;1802;116;3
15;150;2347;1287;902;57;3
24;142;3699;1924;547;114;3
5;55;2578;1542;1424;76;3
25;111;3863;1117;1631;69;3
3;37;3309;1493;863;69;3
5;62;2365;1942;1520;136;3
9;43;2550;1886;1515;121;3
25;20;3899;1348;1521;68;3
2;114;3099;1194;1365;56;3
25;19;3647;1196;1538;126;3
4;100;2279;1629;1878;139;3
5;150;2513;1972;1464;52;3
24;49;2632;1076;1129;119;3
0;156;3434;1576;1240;106;3
0;9;3289;1547;1625;109;3
24;124;3515;1287;1880;62;3
7;18;3175;1320;1236;73;3
2;106;2114;1255;813;65;3
3;168;2967;1603;1148;138;3
19;16;2258;1896;1865;107;3
4;15;2511;1895;1611;62;3
21;36;3024;1180;838;67;3
14;163;3702;1417;1837;125;3
19;164;3625;1356;1378;60;3
3;13;2824;1637;1297;90;3
6;83;3571;1249;609;59;3
0;178;2859;1956;876;57;3
25;55;3810;1162;1090;90;3
4;165;3087;1607;908;79;3
6;8;3444;1617;1377;122;3
4;133;3882;1029;820;46;3
19;147;2918;1643;1616;140;3
2;82;3066;1239;885;77;3
10;77;2341;1364;1308;106;3
23;6;3050;1497;803;128;3
10;31;2987;1115;1549;91;3
13;143;3231;1118;687;59;3
9;148;3974;1501;679;136;3
14;32;2663;1513;575;50;3
9;83;2043;1608;1792;62;3
14;26;2295;1489;591;80;3
20;31;3243;1863;1915;101;3
25;120;2991;1570;1673;81;3
1;86;3946;1364;1841;71;3
13;24;3174;1404;1662;69;3
11;103;2130;1724;1718;108;3
7;43;2320;1692;1993;131;3
10;10;3458;1172;730;124;3
22;89;8998;225;4777;97;3
19;99;9340;311;5752;68;3
16;75;9688;115;1970;117;3
5;135;9671;352;2157;80;3
10;78;8900;235;4713;130;3
6;135;9754;289;4443;69;3
10;177;9358;378;3217;46;3
11;68;9185;322;3377;57;3
15;4;9923;211;4581;139;3
15;179;8337;226;4130;132;3
14;171;9967;120;4397;134;3
3;35;8723;272;5316;110;3
11;8;9804;106;4662;96;3
22;26;8321;198;4246;52;3
19;7;8599;354;4909;103;3
13;153;8676;218;4341;87;3
1;25;8795;391;1834;78;3
15;101;9727;294;603;81;3
6;21;9535;228;840;48;3
22;118;8805;150;1739;115;3
2;178;8834;176;1399;109;3
7;132;8430;134;1391;107;3
10;121;9473;340;2914;70;3
14;29;9894;275;1516;56;3
22;103;9045;256;3726;121;3
12;130;8651;351;1616;51;3
23;47;9525;183;2584;84;3
16;36;8405;286;604;117;3
9;27;8506;307;2129;59;3
24;143;9592;168;1344;112;3
19;77;9458;336;2635;49;3
10;0;9489;172;4346;106;3
17;120;9936;104;2454;81;3
8;62;9887;219;5493;127;3
21;123;9345;150;5684;62;3
2;63;8154;196;4234;84;3
4;164;8924;300;4096;98;3
25;165;9376;389;2172;92;3
5;137;8921;300;4314;73;3
22;111;9995;337;878;55;3
3;106;9282;318;5065;55;3
23;2;9819;344;1035;47;3
17;177;9462;371;4011;67;3
3;75;9357;122;1092;57;3
12;76;9445;368;1385;70;3
1;18;8626;275;1105;74;3
7;40;8469;130;2292;80;3
25;165;9290;290;2202;52;3
5;41;8276;305;5772;78;3
6;165;9068;240;2930;130;3
0;102;8524;137;2460;132;3
3;158;9604;292;3359;116;3
7;117;8988;388;4074;85;3
5;156;8621;146;3872;115;3
1;180;8780;162;2920;138;3
17;127;8476;358;1455;49;3
1;152;8065;399;1514;105;3
0;37;8090;186;4972;60;3
18;112;9817;122;5426;93;3
20;179;8800;245;5831;99;3
11;165;8506;281;2103;85;3
4;90;8193;223;1566;73;3
21;48;8420;132;3023;99;3
21;163;8539;343;3270;84;3
19;172;8391;259;1354;134;3
21;119;9563;165;2426;61;3
20;63;8109;138;506;50;3
17;29;8650;260;1503;126;3
25;112;8604;342;5845;85;3
13;132;9545;210;4331;100;3
22;114;9702;389;5779;63;3
19;157;8935;253;1563;82;3
25;12;9668;361;2511;85;3
5;59;9210;128;2331;131;3
24;63;9127;233;4225;106;3
11;35;8523;258;4031;69;3
14;65;9011;297;5883;100;3
23;14;8657;394;2490;77;3
18;143;9351;188;2784;90;3
10;45;9841;285;5345;135;3
20;79;9596;128;3872;79;3
19;84;8506;240;4688;68;3
5;124;8566;263;710;64;3
5;98;9883;133;2032;126;3
1;133;9840;269;1818;139;3
3;113;8696;186;3384;136;3
16;162;9268;358;2491;103;3
14;92;8471;140;2013;88;3
16;35;8853;186;1667;90;3
22;69;9382;221;3133;74;3
14;58;8596;112;1001;64;3
10;24;8955;297;3589;47;3
20;157;9777;349;3054;118;3
8;177;9268;362;709;57;3
10;81;8975;369;818;110;3
19;144;8295;232;2084;128;3
22;31;8736;143;2362;82;3
13;140;9596;200;2602;85;3
12;29;8539;262;3539;48;3
18;123;8962;302;1759;118;3
